:020000040800F2
:10000000803D002019750008F918010805750008E1
:10001000057500080575000805750008000000005A
:10002000000000000000000000000000E175000872
:10003000057500080000000089750008D5890008D2
:100040006577000865770008657700086577000820
:100050006577000865770008657700086577000810
:100060006577000865770008657700086577000800
:1000700065770008657700086577000865770008F0
:1000800065770008657700086577000865770008E0
:1000900065770008657700086577000865770008D0
:1000A00065770008657700086577000865770008C0
:1000B00065770008657700086577000865770008B0
:1000C00065770008657700086577000865770008A0
:1000D0006577000865770008657700086577000890
:1000E0006577000865770008657700086577000880
:1000F0006577000865770008657700086577000870
:10010000657700086577000865770008657700085F
:10011000657700086577000865770008657700084F
:10012000657700086577000865770008657700083F
:10013000657700086577000865770008657700082F
:10014000657700086577000865770008657700081F
:10015000657700086577000865770008657700080F
:1001600065770008657700086577000865770008FF
:1001700065770008657700086577000865770008EF
:080180006577000865770008AF
:1001C00090F800F06DE9024520F007016FF0000C97
:1001D00010F0070491F820F040F049804FF000043F
:1001E0006FF00700D1E9002391F840F000F108001A
:1001F00082FA4CF2A4FA8CF283FA4CF3A2FA8CF352
:100200004BBBD1E9022382FA4CF200F10800A4FAB8
:100210008CF283FA4CF3A2FA8CF3E3B9D1E904230C
:1002200082FA4CF200F10800A4FA8CF283FA4CF343
:10023000A2FA8CF37BB9D1E9062301F1200182FAFD
:100240004CF200F10800A4FA8CF283FA4CF3A2FA03
:100250008CF3002BC6D0002A04BF04301A4612BA11
:10026000B2FA82F2FDE8024500EBD2007047D1E914
:10027000002304F00305C4F100004FEAC50514F0A3
:10028000040F91F840F00CFA05F562EA05021CBF74
:1002900063EA050362464FF00004A9E7000000008E
:1002A000A2EB0300704700BF02780B78012A28BF39
:1002B0009A42F5D16DE9044540EA0104CDE90267AF
:1002C0006FF0000C4FEA447212B380EA010414F09C
:1002D000070F6AD100F0070420F0070004F00305BF
:1002E00021F007014FEAC505F0E8042314F0040FDC
:1002F000F1E804670CFA05F462EA040266EA04060F
:100300000AD063EA0403624667EA0407664603E02C
:10031000F0E80423F1E8046782FA4CF582EA060467
:10032000A4FA8CF46CBB83FA4CF583EA0705A5FAB2
:100330008CF595B950E9022351E9026782FA4CF530
:1003400082EA0604A4FA8CF483FA4CF583EA0705E2
:10035000A5FA8CF52543DBD09CB92DBAB5FA85F406
:1003600024F0070427FA04F1DDE9026723FA04F315
:1003700003F0FF0001F0FF01FDE80445A0EB0100E0
:10038000704724BAB4FA84F424F0070426FA04F17E
:10039000DDE9026722FA04F202F0FF0001F0FF013A
:1003A000FDE80445A0EB0100704714F0030F3CD1B9
:1003B00010F0030428D150F8082B51F8083B82FABA
:1003C0004CF582EA0305A5FA8CF55DB950F8042CCA
:1003D00051F8043C82FA4CF582EA0305A5FA8CF543
:1003E000002DE8D02DBAB5FA85F424F0070423FADD
:1003F00004F122FA04F202F0FF0001F0FF01FDE82F
:100400000445A0EB010070474FEAC40420F003004C
:1004100050F8082B21F0030151F8083B0CFA04F4C2
:1004200062EA040263EA0403C9E710F003041AD085
:10043000A1EB040120F00300E40750F8042B06D0E0
:100440000FD28B785FFAA2F4E41A06D12BB1CB78E5
:100450005FFAB2F4E41A00D11BB920465DF8104BE4
:10046000704701F1040150F8042BCC0721F003017F
:1004700051F8043B48D824D222F07F4482FA4CF54C
:1004800094EA1325A5FA8CF50AD165B951F8043B15
:1004900084EA0204B4EB036F0ED150F8042BEBE7AF
:1004A0004FEA132355E035F07F454DD10878FDE83C
:1004B0000445C0F1000070474FEA126203F0FF03E9
:1004C00047E002EA1C4482FA4CF594EA1345A5FA87
:1004D0008CF50AD165B951F8043B84EA0204B4EB07
:1004E000034F0CD150F8042BEBE74FEA134330E0F5
:1004F00015EA1C4528D10B884FEA124229E04FEA41
:10050000124203EA1C4324E002F0FF0482FA4CF595
:1005100094EA1365A5FA8CF50AD165B951F8043B44
:1005200084EA0204B4EB032F09D150F8042BEBE763
:100530004FEA13630DE015F0FF0F05D10B684FEA8A
:10054000122223F07F4304E04FF00000FDE8044551
:10055000704712BA1BBA82FA4CF482EA0304A4FA76
:100560008CF5B5FA85F402FA04F203FA04F34FEAC3
:100570001260FDE80445A0EB136070470000000026
:1005800001F0FF01102A2BDB10F0070F08D010F844
:10059000013B013A8B422DD010F0070F42B3F6D148
:1005A000F0B441EA012141EA014122F007047FF061
:1005B00000070023F0E80256083C85EA010586EAB8
:1005C000010685FA47F5A3FA87F586FA47F6A5FAF4
:1005D00087F68EB9EED1F0BC01F0FF0102F0070200
:1005E00032B110F8013B013A83EA010313B1F8D1AB
:1005F0000020704701387047002D06BF354603388C
:10060000073815F0010F07D1013015F4807F02BFC4
:10061000013015F4C03F0130F0BC0138704700BF15
:10062000844641EA000313F003036DD1403A41D3FD
:1006300051F8043B40F8043B51F8043B40F8043BBC
:1006400051F8043B40F8043B51F8043B40F8043BAC
:1006500051F8043B40F8043B51F8043B40F8043B9C
:1006600051F8043B40F8043B51F8043B40F8043B8C
:1006700051F8043B40F8043B51F8043B40F8043B7C
:1006800051F8043B40F8043B51F8043B40F8043B6C
:1006900051F8043B40F8043B51F8043B40F8043B5C
:1006A00051F8043B40F8043B51F8043B40F8043B4C
:1006B000403ABDD2303211D351F8043B40F8043BEC
:1006C00051F8043B40F8043B51F8043B40F8043B2C
:1006D00051F8043B40F8043B103AEDD20C3205D3FC
:1006E00051F8043B40F8043B043AF9D2043208D0F4
:1006F000D2071CBF11F8013B00F8013B01D30B8866
:1007000003806046704700BF082A13D38B078DD043
:1007100010F003038AD0C3F10403D21ADB071CBF15
:1007200011F8013B00F8013B80D331F8023B20F87F
:10073000023B7BE7043AD9D3013A11F8013B00F8B8
:10074000013BF9D20B7803704B7843708B78837040
:100750006046704781F0004102E000BF83F0004333
:1007600030B54FEA41044FEA430594EA050F08BF4C
:1007700090EA020F1FBF54EA000C55EA020C7FEA10
:10078000645C7FEA655C00F0E2804FEA5454D4EB8D
:100790005555B8BF6D420CDD2C4480EA020281EA57
:1007A000030382EA000083EA010180EA020281EA8F
:1007B0000303362D88BF30BD11F0004F4FEA0131E1
:1007C0004FF4801C4CEA113102D0404261EB4101F0
:1007D00013F0004F4FEA03334CEA133302D0524276
:1007E00063EB430394EA050F00F0A780A4F1010432
:1007F000D5F1200E0DDB02FA0EFC22FA05F280186C
:1008000041F1000103FA0EF2801843FA05F3594151
:100810000EE0A5F120050EF1200E012A03FA0EFCD0
:1008200028BF4CF0020C43FA05F3C01851EBE371FA
:1008300001F0004507D54FF0000EDCF1000C7EEB17
:1008400000006EEB0101B1F5801F1BD3B1F5001F55
:100850000CD349085FEA30004FEA3C0C04F1010474
:100860004FEA445212F5800F80F09A80BCF1004F9D
:1008700008BF5FEA500C50F1000041EB045141EA1F
:10088000050130BD5FEA4C0C404141EB0101013CE8
:1008900028BFB1F5801FE9D291F0000F04BF0146D7
:1008A0000020B1FA81F308BF2033A3F10B03B3F1A9
:1008B00020020CDA0C3208DD02F1140CC2F10C0239
:1008C00001FA0CF021FA02F10CE002F11402D8BF97
:1008D000C2F1200C01FA02F120FA0CFCDCBF41EA63
:1008E0000C019040E41AA2BF01EB0451294330BD32
:1008F0006FEA04041F3C1CDA0C340EDC04F114040F
:10090000C4F1200220FA04F001FA02F340EA0300E5
:1009100021FA04F345EA030130BDC4F10C04C4F12B
:10092000200220FA02F001FA04F340EA030029460B
:1009300030BD21FA04F0294630BD94F0000F83F455
:10094000801306BF81F480110134013D4EE77FEA38
:10095000645C18BF7FEA655C29D094EA050F08BF84
:1009600090EA020F05D054EA000C04BF1946104665
:1009700030BD91EA030F1EBF0021002030BD5FEAA9
:10098000545C05D14000494128BF41F0004130BDD1
:1009900014F580043CBF01F5801130BD01F0004525
:1009A00045F0FE4141F470014FF0000030BD7FEA98
:1009B000645C1ABF194610467FEA655C1CBF0B4693
:1009C000024650EA013406BF52EA033591EA030FAA
:1009D00041F4002130BD00BF90F0000F04BF0021A2
:1009E000704730B54FF4806404F132044FF00005D5
:1009F0004FF0000150E700BF90F0000F04BF00214E
:100A0000704730B54FF4806404F1320410F00045B3
:100A100048BF40424FF000013EE700BF42004FEAAE
:100A2000E2014FEA31014FEA02701FBF12F07F432B
:100A300093F07F4F81F06051704732F07F4208BFE2
:100A4000704793F07F4F04BF41F40021704730B5E9
:100A50004FF4607401F0004521F000411CE700BF35
:100A600050EA010208BF704730B54FF000050AE0B8
:100A700050EA010208BF704730B511F0004502D5B9
:100A8000404261EB41014FF4806404F132045FEABB
:100A9000915C3FF4D8AE4FF003025FEADC0C18BF64
:100AA00003325FEADC0C18BF033202EBDC02C2F156
:100AB000200300FA03FC20FA02F001FA03FE40EAE8
:100AC0000E0021FA02F11444BDE600BF70B54FF0EC
:100AD000FF0C4CF4E06C1CEA11541DBF1CEA1355CA
:100AE00094EA0C0F95EA0C0F00F0DEF82C4481EA32
:100AF000030621EA4C5123EA4C5350EA013518BF52
:100B000052EA033541F4801143F4801338D0A0FB3E
:100B100002CE4FF00005E1FB02E506F00042E0FBEB
:100B200003E54FF00006E1FB03569CF0000F18BFF1
:100B30004EF0010EA4F1FF04B6F5007F64F5407499
:100B400004D25FEA4E0E6D4146EB060642EAC6212C
:100B500041EA55514FEAC52040EA5E504FEACE2E99
:100B6000B4F1FD0C88BFBCF5E06F1ED8BEF1004F9C
:100B700008BF5FEA500E50F1000041EB045170BD18
:100B800006F0004646EA010140EA020081EA03015C
:100B9000B4EB5C04C2BFD4EB0C0541EA045170BD58
:100BA00041F480114FF0000E013C00F3AB8014F1D2
:100BB000360FDEBF002001F0004170BDC4F100041B
:100BC000203C35DA0C341BDC04F11404C4F120059C
:100BD00000FA05F320FA04F001FA05F240EA0200F7
:100BE00001F0004221F0004110EBD37021FA04F62D
:100BF00042EB06015EEA430E08BF20EAD37070BDE7
:100C0000C4F10C04C4F1200500FA04F320FA05F045
:100C100001FA04F240EA020001F0004110EBD37047
:100C200041F100015EEA430E08BF20EAD37070BDB7
:100C3000C4F1200500FA05F24EEA020E20FA04F390
:100C400001FA05F243EA020321FA04F001F000413F
:100C500021FA04F220EA020000EBD3705EEA430EB0
:100C600008BF20EAD37070BD94F0000F0FD101F0DF
:100C70000046400041EB010111F4801F08BF013C18
:100C8000F7D041EA060195F0000F18BF704703F056
:100C90000046520043EB030313F4801F08BF013DDD
:100CA000F7D043EA0603704794EA0C0F0CEA135599
:100CB00018BF95EA0C0F0CD050EA410618BF52EA53
:100CC0004306D1D181EA030101F000414FF0000059
:100CD00070BD50EA410606BF1046194652EA430667
:100CE00019D094EA0C0F02D150EA013613D195EADB
:100CF0000C0F05D152EA03361CBF104619460AD123
:100D000081EA030101F0004141F0FE4141F470012C
:100D10004FF0000070BD41F0FE4141F4780170BD1C
:100D200070B54FF0FF0C4CF4E06C1CEA11541DBF81
:100D30001CEA135594EA0C0F95EA0C0F00F0A7F883
:100D4000A4EB050481EA030E52EA03354FEA0131B0
:100D500000F088804FEA03334FF0805545EA1313C3
:100D600043EA12634FEA022245EA111545EA10658B
:100D70004FEA00260EF000419D4208BF964244F122
:100D8000FD0404F5407402D25B084FEA3202B61A41
:100D900065EB03055B084FEA32024FF480104FF415
:100DA000002CB6EB020E75EB030E22BFB61A754689
:100DB00040EA0C005B084FEA3202B6EB020E75EB1C
:100DC000030E22BFB61A754640EA5C005B084FEA84
:100DD0003202B6EB020E75EB030E22BFB61A754651
:100DE00040EA9C005B084FEA3202B6EB020E75EB5C
:100DF000030E22BFB61A754640EADC0055EA060E1D
:100E000018D04FEA051545EA16754FEA06164FEA5F
:100E1000C30343EA52734FEAC2025FEA1C1CC0D10B
:100E200011F4801F0BD141EA00014FF000004FF098
:100E3000004CB6E711F4801F04BF01430020B4F159
:100E4000FD0C88BFBCF5E06F3FF6AFAEB5EB030C11
:100E500004BFB6EB020C5FEA500C50F1000041EB0E
:100E6000045170BD0EF0004E4EEA113114EB5C04DB
:100E7000C2BFD4EB0C0541EA045170BD41F48011AE
:100E80004FF0000E013C90E645EA060E8DE60CEAB6
:100E9000135594EA0C0F08BF95EA0C0F3FF43BAFD3
:100EA00094EA0C0F0AD150EA01347FF434AF95EA8A
:100EB0000C0F7FF425AF104619462CE795EA0C0F6E
:100EC00006D152EA03353FF4FDAE1046194622E73B
:100ED00050EA410618BF52EA43067FF4C5AE50EA15
:100EE00041047FF40DAF52EA43057FF4EBAE12E705
:100EF0004FF0FF3C06E000BF4FF0010C02E000BFE6
:100F00004FF0010C4DF804CD4FEA410C7FEA6C5CC8
:100F10004FEA430C18BF7FEA6C5C1BD001B050EA6B
:100F2000410C0CBF52EA430C91EA030F02BF90EA56
:100F3000020F0020704710F1000F91EA030F58BF15
:100F4000994208BF90422CBFD8176FEAE37040F077
:100F5000010070474FEA410C7FEA6C5C02D150EA15
:100F6000013C07D14FEA430C7FEA6C5CD6D152EAD0
:100F7000033CD3D05DF8040B704700BF8446104695
:100F800062468C461946634600E000BF01B5FFF794
:100F9000B7FF002848BF10F1000F01BD4DF808ED64
:100FA000FFF7F4FF0CBF012000205DF808FB00BF35
:100FB0004DF808EDFFF7EAFF34BF012000205DF88F
:100FC00008FB00BF4DF808EDFFF7E0FF94BF0120DC
:100FD00000205DF808FB00BF4DF808EDFFF7CEFFDD
:100FE00094BF012000205DF808FB00BF4DF808ED1C
:100FF000FFF7C4FF34BF012000205DF808FB00BFED
:101000004FEA410C7FEA6C5C02D150EA013C0AD104
:101010004FEA430C7FEA6C5C02D152EA033C02D1F6
:101020004FF0000070474FF0010070474FEA410257
:1010300012F5001215D211D56FF47873B3EB62522A
:1010400012D94FEAC12343F0004343EA505311F051
:10105000004F23FA02F018BF404270474FF00000E3
:10106000704750EA013005D111F0004008BF6FF021
:10107000004070474FF00000704700BF7BB972B965
:101080000029BEBF00204FF0004106E008BF002845
:101090001CBF6FF000414FF0FF3000F057B8ADF1CA
:1010A000080C6DE904CE002909DB002B1ADB00F0E7
:1010B0004FF8DDF804E0DDE9022304B07047404258
:1010C00061EB4101002B1BDB00F042F8DDF804E08E
:1010D000DDE9022304B0404261EB4101524263EB7F
:1010E00043037047524263EB430300F031F8DDF8ED
:1010F00004E0DDE9022304B0404261EB41017047A6
:10110000524263EB430300F023F8DDF804E0DDE92D
:10111000022304B0524263EB4303704753B94AB908
:10112000002908BF00281CBF4FF0FF314FF0FF30EF
:1011300000F00CB8ADF1080C6DE904CE00F008F831
:10114000DDF804E0DDE9022304B07047704700BF1A
:101150002DE9F04786468C460846089E154674469B
:101160001946002B40F0C2808542B2FA82F245D97E
:101170004AB1C2F1200300FA02FC2EFA03F39540B3
:1011800043EA0C0C94404FEA154EA8B2BCFBFEF8A3
:10119000230C0EFB18CC08FB00F943EA0C439945DD
:1011A00028D9EB1808F1FF3704D2994502D9A8F1E4
:1011B00002072B44A3EB0903A4B2B3FBFEFC0EFB16
:1011C0001C330CFB00F044EA0344A04214D92C1950
:1011D0000CF1FF3304D2A04202D9ACF102032C443B
:1011E000241A43EA07401EB1D440002334607360E0
:1011F000BDE8F0874746DDE76346F1E792BB431B56
:1012000001214FEA154EAFB2B3FBFEFC200C0EFBE2
:101210001C330CFB07F840EA0343984562D9EB18EE
:101220000CF1FF3004D2984502D9ACF102002B44F6
:10123000A3EB0803A4B2B3FBFEFC0EFB1C330CFBB8
:1012400007F744EA0344A7424ED92C190CF1FF33A7
:1012500004D2A74202D9ACF102032C44E41B43EAB6
:101260000040C0E7C2F1200320FA03F1954090400E
:101270002EFA03F303434FEA154EAFB2B1FBFEFC67
:101280000EFB1C10190C0CFB07F841EA00418845C5
:1012900004FA02F422D969180CF1FF3004D288450F
:1012A00002D9ACF102002944A1EB08019BB2B1FBC9
:1012B000FEFC0EFB1C110CFB07F743EA01439F42A7
:1012C0000ED9EB180CF1FF3104D29F4202D9ACF1D8
:1012D00002012B44DB1B41EA004192E76046E3E751
:1012E0006146F7E76046A3E76346B7E7834206D95E
:1012F00016B9002108467BE7C6E900E0F9E7B3FA32
:1013000083F78FB9834201D3724508D8BEEB02043C
:1013100060EB030301209C461EB9002168E73846B4
:10132000FAE7C6E9004CF8E7C7F1200CBB4022FA07
:101330000CF41C432EFA0CF120FA0CF3B8400143D4
:101340004FEA14490EFA07F5B3FBF9F81FFA84FEC9
:1013500009FB18300B0C08FB0EFA43EA00439A45D0
:1013600002FA07F240D9E31808F1FF3004D29A4597
:1013700002D9A8F102002344A3EB0A0389B2B3FB0C
:10138000F9F809FB183308FB0EFE41EA03418E45CC
:101390002CD9611808F1FF3304D28E4502D9A8F187
:1013A0000203214443EA0040A0FB0298A1EB0E0196
:1013B0004145CE46434602D306D14D4504D2B9EB52
:1013C000020E68EB04030138002EA6D0B5EB0E0226
:1013D00061EB030101FA0CFC22FA07F34CEA030368
:1013E000F940C6E9003198E74046C5E74346D9E7EA
:1013F0002DE9F047044688B08846174611F013FAE5
:101400000A220023FFF78AFEB8F1010F06460D46B7
:1014100007D102460B46204627490FF0E9FB002082
:1014200011E07F6825483946FEF73EFF70B1244839
:101430003946FEF739FF48B1204622493A460FF0B7
:10144000F3FB6FF0040008B0BDE8F0873046294692
:1014500017A3D3E90023FFF711FE06460D461046F9
:101460001946194A0023FFF709FE80460F46104629
:1014700019464EF660220023FFF700FE8246894699
:10148000104619464FF47A720023FFF7F7FDCDE9B5
:1014900002A9CDE90623CDE90401CDE900870B4976
:1014A00032462B4620460FF0A3FBB8E7AFF300808F
:1014B000005C2605000000002F42010840420108A0
:1014C000434201084C42010880EE360064420108A4
:1014D0002DE9F04F016C9FB016461F46CDE9046719
:1014E0002B9D039049B1426C4A600123934004460E
:1014F0008B600CF0ADFD00232364B7F10009B4BF8D
:10150000012300232B60764BBCBF29F00049CDF8A6
:10151000149033EA090300F0AA80DDE904340022C4
:10152000184621460023CDE90801FFF737FD804624
:1015300068B12A9A012313602C9B13B12C9A694B32
:101540001360694B0A930A981FB0BDE8F08F1CAB7B
:1015500001931DAB00930398DDE908230DF0ACF86F
:101560005FEA1955824640F09880DDE91C854544C4
:1015700005F23243202B40F38383C3F1400309FA81
:1015800003F905F2124326FA03F349EA0300FFF7D1
:1015900023FA0123013DA1F1F8711193534B00226D
:1015A000FFF7DCF848A3D3E90023FFF78FFA48A33D
:1015B000D3E90023FFF7D4F8064628460F46FFF785
:1015C0001BFA45A3D3E90023FFF780FA02460B4636
:1015D00030463946FFF7C4F806460F46FFF726FDAA
:1015E00000228346002330463946FFF7E1FC0028FD
:1015F00040F01A83A8EB0508BBF1160F08F1FF3481
:1016000000F28B813A4D05EBCB05D5E90023DDE9EE
:101610000801FFF7CDFC002870D00023002C0BF14F
:10162000FF3B1093C0F27E8100230B93BBF1000FB0
:101630006ADA0B9BA3EB0B030B93CBF10003CDE911
:101640000EB3289B092B4FF0000B65D8052B40F3F8
:101650001C83043B28930025289B023B032B00F2AC
:101660002386DFE813F060045D04540438042A9AEA
:10167000C9F3130942F20F7359EA060913601CD12A
:101680002C9B002B00F02B861A4B0A9308332C9AC4
:101690000A9813601FB0BDE8F08FDDE90812C2F3AD
:1016A0001303084643F07F51CDF84480A5F2FF357F
:1016B000DDF8708041F4401170E72C9B002B40F066
:1016C000E7830D4B0A933EE761436F63A787D23FE1
:1016D000B3C8608B288AC63FFB799F501344D33F21
:1016E0000000F07F493D0108483D01080000F83F37
:1016F000683301086C3D0108783D0108B8F1000F1E
:1017000040F3608410900B9000230F93289BCDF83A
:1017100038B0092B5C4499D90023CDE92833012541
:101720004FF0FF330C950693039B00215964069BF1
:10173000189303980CF066FC0A90002800F0BD8511
:10174000039B0A9A1A64069B0E2B00F21581002D4A
:1017500000F012810E9A002A40F33B84B24D02F051
:101760000F0305EBC303D3E9008913461511DA050E
:1017700040F1FA83AD4BDDE90801D3E90823FFF717
:10178000CFFACDE9120105F00F0503277DB1A74E71
:10179000EB0708D540464946D6E90023FFF796F9FE
:1017A0000137804689466D1006F10806F0D14246A1
:1017B0004B46DDE91201FFF7B3FA80468946109BDC
:1017C00043B19B4B002240464946FFF7F1FB0028FE
:1017D00040F0F1843846FFF70FF942464B46FFF7D9
:1017E00075F9944B0022FEF7BBFF069B0646A1F15C
:1017F0005077002B00F0A9800E9B1993069B129343
:101800000A9B894D49464046CDE914675E1CFFF7A7
:101810000DFC129905EBC10353E902120746CDE90D
:101820001612FFF7E9F802460B4640464946FEF716
:1018300095FF89460C993037DDE916238046FFB2C3
:10184000002900F053847C490020FFF769FADDE9A4
:101850001423FEF783FF0A9D02460B46CDE91423AD
:101860002F7042464B46FFF7C1FB002840F097849B
:10187000CDE91AB4CDF858A0129DDDE914AB0027CC
:101880002AE00137AF4280F2DE846C4B5046594665
:101890000022FFF71BF9694B002282468B46404627
:1018A0004946FFF713F989468046FFF7BFFB044618
:1018B000FFF7A2F802460B4640464946FEF74EFFA8
:1018C000303406F8014B52465B4680468946FFF7A6
:1018D0006FFB002840F0B48442464B465449002038
:1018E000FEF73CFF52465B46FFF762FB0028C8D07C
:1018F000199BDDF858A00A9A374603F1010802E067
:10190000974200F07C843E4617F8013D392BF7D012
:101910000133DBB23B70454675E10123002C109387
:10192000BFF682AEC8F101030B9300247EE6384671
:10193000FFF762F842464B46FFF7C8F83D4B0022DE
:10194000FEF70EFF0646A1F150773D4B4046494653
:101950000022FEF703FF32463B4680468946FFF7EA
:1019600045FB002840F05A8440464946324607F17C
:101970000043FFF71DFB28BB1D9B002BC0F292808C
:101980000E9A0E2A00F38E80274D0E9B05EBC305A1
:10199000D5E90034CDE90434299B002B19DA069BE4
:1019A000002B16DC0ED1264B0022DDE90401FFF7E7
:1019B0008DF802460B46DDE90801FFF703FB00281E
:1019C00000F02C844FF000090A9E4F46299BDD430E
:1019D00025E2DDE90445DDE9088922462B4640463B
:1019E0004946FFF79DF9FFF721FB0646FFF704F88C
:1019F00022462B46FFF76AF80A9F0B4602464946E5
:101A00004046FEF7ABFE06F1300307F8013B069BAC
:101A1000012B00F012830125CDF818A09946DDE9CD
:101A200004ABA8462CE000BF68330108403301082E
:101A30000000F03F00001C400000E03F0000244098
:101A40000000144052465B4620462946FFF768F9DD
:101A5000FFF7ECFA0646FEF7CFFF52465B46FFF76C
:101A600035F808F101080B46024629462046FEF7E4
:101A700075FE06F13003C84507F8013B00F0DB8234
:101A8000B94B0022FFF722F80022002304460D463E
:101A9000FFF784FA0028D5D00E9DDDF818A0013597
:101AA0003E46B0E00C9A002A40F0D28000230F9D01
:101AB0000B9E0C931F4656B1002C08DDA6420B9AD4
:101AC0003346A8BF2346D21A0B92F61AE41A0F9B8C
:101AD00053B10C9B13B1002D40F0E88251460F9A90
:101AE00003980CF045FC8246039801210CF05CFB46
:101AF0008146BBF1000F40F0B681289B012B40F3DB
:101B0000CC810120204410F01F0000F09A80C0F129
:101B10002003042B40F3DA810B9BC0F11C0003442B
:101B20000B93064404440B9B002B05DD51460398A0
:101B30001A460CF077FC8246002C05DD49460398D6
:101B400022460CF06FFC8146109B002B40F0708108
:101B5000069B002B40F348810C9B002B40F0A48097
:101B60000E9D0135DDF82880069CDDF80CB00126BD
:101B700007E0514600230A2258460CF073FA01365A
:101B80008246494650460BF08FFEA64200F13003D4
:101B900008F8013BEDDB069A002AC8BF16460A9AF0
:101BA000D8BF012602EB060B002451460122039800
:101BB00004930CF037FC494682460CF0ABFC00283D
:101BC00040F3E3810A9A02E05A4500F0E9815E465B
:101BD0000BF1FF3B16F8013C392BF5D001338BF8A4
:101BE0000030DDF80C80494640460CF031FA57B120
:101BF0002CB1BC4203D0214640460CF029FA039890
:101C000039460CF025FA039851460CF021FA0023CE
:101C100033702A9B1D602C9B002B3FF494AC0A98D8
:101C20001E601FB0BDE8F08F5846FEF7E5FE324655
:101C30003B46FFF7B3F900287FF4DCAC0BF1FF3B28
:101C4000D8E41C230B9A1A440B921E441C446AE7E6
:101C5000289A012A40F3A981069A0F9B551EAB4290
:101C6000C0F26B81002AA3EB050580F2DD820B9B9D
:101C7000069A9E1A039801210CF096FA07461AE775
:101C8000C3F1200306FA03F081E40125E4E43946B8
:101C9000002303980A220CF0E5F9189B002B074655
:101CA00040F3EF820E950693002E00F33F81BBF1C7
:101CB000000F40F0DF81B8460A9E069C731E1C444C
:101CC000049B0C9403F00103039C0F934946504678
:101CD0000BF0EAFD3946834650460CF01BFC4246A9
:101CE0004946054620460CF035FCC26801460BF11A
:101CF0003003002A3AD1089050460B930CF00AFCAE
:101D00000899069020460CF0A3F9069A0B9B002A2E
:101D10005AD1289A1AB90F9A002A00F09A82002DF7
:101D200045DB0C9AB346B2420BF8013B00F0B98197
:101D3000514600230A2220460CF094F9474582467A
:101D400039464FF000034FF00A02204636D00CF01F
:101D500089F94146074600230A2220460CF082F901
:101D60005E468046B2E700BF000024400398069319
:101D70000CF06EF9002D069B06DB049A289902F000
:101D800001020D432A432AD15146012203980493AC
:101D90000CF048FB494682460CF0BCFB0028049B33
:101DA00040F3E880392B00F02F820BF131030E9DB8
:101DB00006F8013B3C460135474612E70CF052F964
:101DC0005E460746804681E7002DC0F27D82289955
:101DD0000D430F990D4300F07782002AA1DD392BC6
:101DE00000F012820133E2E7289B022B7FF7B4AEAA
:101DF000069B002B40F01D814946052203980CF0FC
:101E000031F90146814650460CF084FB002840F32E
:101E100010810A9E0E9D312306F8013B013503987F
:101E2000494601350CF014F9002F7FF4E8AEEAE6DC
:101E3000494650460CF06EFB0028BFF689AE51466D
:101E4000002303980A220CF00DF90E9B5D1E0C9BDB
:101E50008246002B7FF41BAF189B002B40F3FF81C1
:101E60000E9D06937EE601465A4603980CF080FAD2
:101E7000289B012B81466CDD4FF0000BD9F8103008
:101E800009EB830318690CF03DF9C0F1200039E635
:101E9000924B0A930333FFF7FABB049B002B7FF4AA
:101EA00030AEDDE90412C2F31303002B7FF429AE38
:101EB0008B4B134023B10B9B01330B930134012354
:101EC000BBF1000F40F0AE819B461AE63FF42BAE0B
:101ED000C0F13C03B6E601230C93299B0E9A1344F0
:101EE00018930133012B1E460693B8BF0126172E07
:101EF00040F3D581012204235B0003F11400B042BA
:101F0000114602F10102F7D9039B596411E4012340
:101F10000C93299B002B33DD189306931E46E6E7AE
:101F200000230C93D9E700230C93F2E7394603987A
:101F300032460CF077FA0746B9E60F9B069A0F95E2
:101F4000EB1A9B440B9B1E46134414440B93002531
:101F500090E6049B002B8FD1DDE90401C1F313034C
:101F60000A46002B88D1A3E7DDE908230227CDE943
:101F700012230BE47FF41BAFDA077FF518AF11E7EC
:101F8000012329930693FFF7CFBB03D1049BDB0703
:101F90003FF518AE5E461BF8013D302BFAD020E627
:101FA0000A9A3123013513701BE6119A002A00F0BA
:101FB000F98003F233430B9A0F9D16461A441C44D2
:101FC0000B9257E6C8F1010304460B931090FFF7FC
:101FD0009BBB00F0EB800E9B424D5E4206F00F0370
:101FE00005EBC303D3E90023DDE90801FEF76EFD2D
:101FF0003511CDE9120100F04D813B4E002302273F
:1020000080468946E80709D5D6E900234046494677
:10201000FEF75CFD01378046894601236D1006F10D
:102020000806EFD1002B7FF4CAABDDE91289FFF778
:10203000C6BB0A9ECAE4DDF818A00E9D02460B46F8
:10204000FEF78EFB02460B46CDE906230135DDE99E
:102050000423A846FEF7CAFF40B9DDE90423DDE901
:102060000601FEF79BFF18B1F10701D50A9A4AE471
:102070003E46C8E5796803980BF0C4FF0546002882
:1020800000F026813B6902339A0007F10C010C3005
:10209000FEF7C6FA0398294601220CF0C3F98046E0
:1020A0000AE60E9D3C46013547467EE5DDF80C808C
:1020B00039462A4640460CF05BF95246014607462F
:1020C00040460CF09FF85146824640460BF0C0FF58
:1020D0000F9B5B1B0F933FF407ADFFE4783D0108B6
:1020E0000000F07F6833010840330108DDE9140186
:1020F000FEF7ECFC0A9B1F70129B012BCDE90C0133
:1021000000F0C680129F0A9BCDF844B01F447C4B60
:10211000002240464946FEF7D9FC89468046FEF734
:1021200085FF8346FEF768FC0BF1300B02460B4639
:1021300040464946FEF712FB06F801BBB74280460F
:102140008946E4D1DDF844B06E4B0022DDE90C0194
:10215000FEF706FB02460B4640464946FEF746FFA1
:10216000002867D1DDE90C2366490020FEF7F6FA66
:1021700002460B4640464946FEF71AFF48B91D9BEA
:10218000002BFFF693AC0E9B0E2B3FF78FACFFF7A7
:10219000FCBB3E46013F16F8013C302BF9D0199D9F
:1021A000013530E51C9BC3F1360304E7DDE90889FE
:1021B0000227FFF704BB069B002B3FF4B8AB189B2C
:1021C000002B7FF7D9AB0E9A1293013A4C4B199220
:1021D000404600224946FEF779FC80468946781C35
:1021E000FEF70AFC42464B46FEF770FC464B0022C7
:1021F000FEF7B6FA0646A1F15077FFF701BB08F1EA
:1022000001083123FFF786BB0E9D0A9AB346392396
:102210003C460BF8013B01354746D8E44FF0000936
:102220004F46F6E59B4629E60B9B1E461344144495
:102230000B931FE5199B0A9A03F10108FFF763BB93
:10224000DDF858A0ABE7DDE91AB4DDF858A0FFF7D8
:1022500093BB392BD8D0002D3FF7A7ADA7E5289B1E
:10226000022B0ADC189B069349460E9D0BF01CFBC3
:102270000A9A00F1300313708DE4189B06930E95B3
:10228000B6E5289B022BF8DC189B0E9506930BE510
:10229000374659E7DDE912890227FFF790BA039B19
:1022A00000215964FFF745BA039B00255D64294668
:1022B00018460BF0A7FE0A90A8B9144B1448002248
:1022C0004FF4D5710DF07CFA002A7FF770AD5BE515
:1022D0000E4B0F482A4640F2EA210DF071FA0D4BE1
:1022E0000A93FFF730B9039B0A9A1A644FF0FF3341
:1022F0000122299518930C920693FFF73DBB00BF6E
:10230000000024400000E03F00001C407C3D01082C
:10231000903D01086C3D0108012938B5044605D8F7
:1023200013490EF081FC6FF0150038BD5568114956
:10233000284609F089F8034650B10F49284609F0AC
:1023400083F878B10D49284609F07EF860B9022378
:102350000B4A0C4902EBC3035A6820460EF048FCB6
:102360000020E2E70123F3E707492A46F5E700BF2B
:10237000C03E0108D73E0108DD3E0108E13E0108EC
:1023800044340108EA430108ED3E010808B5084855
:10239000036803F00703022B03D9064A03210EF05A
:1023A000B7F9002142F2107010F0AFF9F9E700BF61
:1023B000540C0020113F01082DE9F04F91B0840723
:1023C000009302F004030293C2F3C20303F101037A
:1023D000DDF86880039205460E46059340F0BA8109
:1023E000041D30B1072909D86FF01B0011B0BDE8FA
:1023F000F08F01F007063444C6F10806009B4FF049
:102400000009591E4FF0040A4FF0FF330193CDF835
:1024100010904F46CB4653460DB1009A2260059866
:10242000002800F3E8809848009A824203D3974836
:102430008242C0F0E080039AA4EB050E92074FEAB7
:102440009E0000F103810F2F00F2B180002D00F0FB
:10245000058107F140020DEB020C019A0CF8200CEB
:102460000CF8102C049801300490E7E07A285DD82D
:102470004B280ED8472859D829282DD8252852D09E
:1024800054D820287AD02338D0F1000B4BEB000B26
:1024900074E04C382E2849D8DFE800F070484848EE
:1024A00048484848484848484B48484848484848A9
:1024B0004859484B4B595959704B6D487048184B07
:1024C000184848827F4B48484B487F0000204FF017
:1024D000000B4FF0040A38E02A38C0B2012202FA99
:1024E00000F010EA0E0F49D110F0625C2FD110EA13
:1024F000020B43D06046013C5444B4FBFAF40AFB9F
:1025000004F4002D61D0A3EB050CA444B4453FF6C0
:102510006BAF002868D1042B47D158F8043B2360E7
:10252000043404232AE0019A013A01924FF0000B8F
:1025300024E011F8010C6C2834D111F8023C002081
:102540006C2B8346C5D14FF0080A5346D3E708F1F8
:10255000070828F007080734F8E802AB24F007045E
:1025600035B106982044B0423FF63EAFC4E900AB17
:1025700008344FF0000B4FF0080A534611F8010FD2
:10258000002878D0BBF1000F7FF470AF2528F5D17B
:10259000019B013301934FF0010B4FF0040AECE76C
:1025A000584694E700208346A5E7082B02D06FF039
:1025B00015001BE708F1070828F00708F8E80223D0
:1025C000C4E9002308340823D8E768B9042B02D1F2
:1025D00008F10408A4E7082BE9D108F1070828F05E
:1025E000070808F10808EDE7059A013A059258F83E
:1025F000042B009210E7039A900720D5A4EB050E58
:102600004FEA9E004FF0010CBEF5007FCFD20F2F96
:10261000CDD8F5B107F140020DEB020EC0B2019A20
:102620000EF8200C0EF8102CBCF1000F3FF41AAF7E
:1026300060F07F000EF8200C09F101090137C5F1A7
:102640000802043406924FF6DA7E97E74FF0000C4A
:10265000DAE7BCF1000F01D00136EFE7029802364D
:102660000028EBD10098CDE90631FDF7A9FDDDE9A1
:1026700006310644E2E7631BB3F5806F97D23DB99C
:10268000A6F10804E018B1E6E82A01083C5C01085C
:10269000029A28609B082B709DF81030C2B1EB7035
:1026A00085F80290B9F1000F05D008A80022C5F105
:1026B000010C97420ED1C5F101030DF120084FF036
:1026C000000A01930DF1300B574512D1601B8DE6C6
:1026D0006B70E5E710F8013B190608D50CEB040E0A
:1026E000B64503F07F033FF67FAE04F8013B0132AD
:1026F000DFE7B9F1000F03D098F90020002A17DBBB
:10270000029BD3B11AF80B2004F8012B0022019B85
:1027100018191044B0423FF667AE98F8000004F86C
:10272000010B009903922046FDF77AFF039A1444A7
:102730000AF1010A08F10108C6E798F8002055F8E7
:1027400022300093029B45F822300098FDF738FDB7
:10275000421CDCE76FF00D0048E600BF2DE9F04FAA
:1027600097B000AF90F802A0D7F880B03B62CBF3EF
:10277000C0030446FA62BB61894641B945780078D6
:102780000AEB800020444D4517D8A0EB0409E378FC
:10279000FB61BAF1000F02D01BF0010F16D1FB69EB
:1027A00053BBFB6A1BB13A6A4946204698474D46DF
:1027B00028465C37BD46BDE8F08F461C3046FDF725
:1027C000FFFC0130304409F10109DCE7237862683D
:1027D0007A62FA6A9900796104EB8301002A40F079
:1027E00004814D460E4601EB0A094FF000084E45A4
:1027F00050D101EB0A0610E01BF0020FD1D0237874
:102800009A007A6162687A62FA6A04EB8301002AAC
:102810007BD14D4601EB0A0690461BF0050F0CBF1D
:1028200002230123FB62FB6906EB430A0BF0020360
:10283000BB625645BCD016F8021B16F8013C54F892
:1028400023909B4B994502D39A4B99453AD3BB6948
:10285000002B44D0786A0DF0B8FA00283FD0964893
:10286000036813F0060F13D0E9468AB06A46934B0B
:1028700053617B6AC2E906314FF400731384904BB5
:1028800042F8103F00234FF4125101F013FCCD46E3
:10289000023DCEE716F8013BF96254F82300FDF73C
:1028A0008FFCD7F88430F96A01304BB1D7F8883003
:1028B00098453EBFD7F8843023F8180008F1010886
:1028C000054494E7BB6923B1786A0DF07EFA0028CD
:1028D000C5D11BF0010F05D1FB6AED1AA9E7BB6A50
:1028E000002BA6D04846FDF76BFCD7F8843053B1D7
:1028F000D7F8883098453FBFD7F88420431C22F88A
:10290000183008F10108054493E7BAF1000F72D0BE
:102910001BF0040672D0D046002607F1480052464C
:102920003B61B962FDF77CFEB96A3B6901EB0A02C3
:10293000BA62FA69F9695200FA60BA6A02EB4102B6
:102940003A610BF00202BA603A69B96A8A4257D119
:1029500062787A621BF0020F32440CBF4FEA5801D2
:1029600000211BF0010FD2B240F09F801BF0040F3A
:1029700014BF40460020BB616270A070E1703A6AEB
:102980007969FB6A20469847051EFFF611AFBB69BF
:1029900023707B6A6370FB69E37041463A6AFB6AA5
:1029A00084F802A007F148009847B0F10008C0F28F
:1029B000BB807B693A6AA9EB0A01C91AFB68C91A8C
:1029C000D7E90A0398470028C0F2B080A84408EB72
:1029D00000054FF0000B07F1380AB34572D3002110
:1029E0003A6AFB6A08469847E2E656464FF0000806
:1029F00007F1380093E75646D04697E7B04695E78B
:102A0000BA6A12F8021BBA6212F8015C284A54F83A
:102A10002500904202D3274A90421ED3BA6932B1B0
:102A2000786A7B600DF0D1F97B6800288CD1BA6898
:102A300002BB08F1280207F1300C08F101009444B0
:102A400007F1580252FA80F008F102080CF8101C45
:102A50005FFA88F800F8105C76E7BA693AB1786AEC
:102A60007B600DF0B2F97B6800287FF46DAF1BF03E
:102A7000010F09D006F1280207F13000711C161869
:102A800006F8205CCEB25FE71BF0040F3FF45CAFAA
:102A900008F1280207F1300008F1010102EB0008FB
:102AA00008F8105C5FFA81F84EE7002063E700BF8A
:102AB000E82A01083C5C0108400C0020AC3F0108FA
:102AC000040000011BF80A3087F8373054F82390CF
:102AD000D7F884302BB3D7F888309B4521D2D7F86C
:102AE000843033F81B803A6AFB6A012107F1370012
:102AF000984700281ADB0544B8F1000F06D1484674
:102B0000FDF75EFB00F101081FFA88F83A6AFB6ADC
:102B1000414648469847002808DB05440BF1010B65
:102B20005BE74FF00008DEE7454641E605463FE635
:102B300070B5234B82689A4216DDD0E90016012950
:102B400076F1000503F1010392FBF3F34FEAE3741E
:102B500022DAC91844EB0604C0E90014194901FB44
:102B600003238360012070BD002AFBDAB2F1004F1D
:102B70001EBF15499B1AB3FBF1F3D0E9004108BF12
:102B8000032300294FEAE3760FDA01F100459C4266
:102B9000B5410ADA0020E6E7CD439D426FF00045DB
:102BA000A5EB0605A541D4DAF4E7E41A61EB0601CA
:102BB000C0E90041044901FB03228260D2E700BF63
:102BC000FFC99A3B003665C400CA9A3B30B504463B
:102BD000EFF31185102383F31288BFF36F8F044B3B
:102BE0000FCB84E80F0085F31188BFF36F8F30BDE2
:102BF000F00C002001281FB50C4605D004281DD07C
:102C00006FF0150004B010BD0FF00DFE42F210720F
:102C10000023FEF783FA104B5A43C4E90001A26077
:102C20006846FFF7D3FF694620460DF0F3F818B960
:102C30000A4B0FCB84E80F000020E3E70FF0F3FD11
:102C400042F210720023FEF769FA034B5A43C4E9BB
:102C50000001A260F0E700BFA0860100F032010889
:102C600001287FB50D462DD18A68184B9A4229D884
:102C70000FF0D9FD42F210720023FEF74FFA144B09
:102C8000404261EB41016C46CDE9000153432046CF
:102C90000293FFF74DFF294620460DF0BBF8EFF3F6
:102CA0001186102383F31288BFF36F8F94E80F000F
:102CB000084D85E80F0086F31188BFF36F8F002061
:102CC00004B070BD6FF01500FAE700BFFFC99A3B72
:102CD0006079FEFFF00C0020014B1860704700BFC8
:102CE0009806002030B587B00025CDE903010446E1
:102CF000009503A90548059500F0B6F9DDE9043013
:102D00009842B8BF255407B030BD00BF79FE000817
:102D10000F2808B506D90EF040FE092303604FF0D6
:102D2000FF3008BD30235843044BBFF35B8F1B5863
:102D3000BFF35B8F002BEED00020F2E7A40600204B
:102D40000EB42DE9F741302545431B4C05F10C0627
:102D500004EB050826444FF0FF324FF0FF330746DF
:102D600030460DF0DCF8D8F804306059DB680AAA68
:102D700040F2011101929847051E10DBD8F82C3063
:102D800003F47042B2F5E04F05D011D803F450437C
:102D9000B3F5804F03D1302303FB0744A5623046CF
:102DA0000DF0BFF8284603B0BDE8F04103B070470E
:102DB000B2F5004FEEE700BF9C0600202DE9F74F6B
:102DC0000C9E0193054688469146FFF7A1FF002817
:102DD00055DB302101FB05FB2A4C0BF10C07274486
:102DE0004FF0FF334FF0FF3238460DF098F804EB08
:102DF0000B03DB6A03F47043B3F5E04F14D11EBB41
:102E00004FF0010A0BF128012144302068432318B8
:102E1000019A5B68E2B1D3F804B0BBF1000F1AD19C
:102E20000EF0BBFD052303E066B10EF0B6FD862370
:102E300003604FF0FF3838460DF073F8404603B09A
:102E4000BDE8F08FB246DDE731464FF0010ADCE71E
:102E5000D3F800B0E1E70B68205841464A46D8470E
:102E600000288046E7DDBAF1000FE4D0002EE2D161
:102E7000302303FB0544A36A0344A362DBE74FF05E
:102E8000FF38DBE79C06002030B530231049434370
:102E900008330B44BFF35B8F1A68BFF35B8FB2B18B
:102EA000BFF35B8F541E53E8005F954204D143E8A3
:102EB000004CBCF1000FF6D1BFF35B8FEAD1012AC1
:102EC00005D1302358430A1800230B50536030BDFE
:102ED0009C060020F8B50546FFF71AFF002824DB02
:102EE0003024134F6C4304F10C063E444FF0FF3284
:102EF0004FF0FF3330460DF012F83A1953689B68D3
:102F00008BB1D26A385912F4404F0AD029469847FB
:102F1000044630460DF005F82846FFF7B5FF204679
:102F2000F8BD9847F4E71C46F3E74FF0FF34F6E7A7
:102F30009C06002070B504460D46FFF7E9FE002808
:102F40000DDB0849302303FB04F00C182B4609580D
:102F500060684FF48372BDE870400CF0D1BF4FF051
:102F6000FF3070BD9C06002073B504460D46164622
:102F7000FFF7CEFE00280EDB084B302202FB0433A5
:102F800040F201119B6A00932A4633462046FFF720
:102F9000D7FE02B070BD4FF0FF30FAE79C0600206C
:102FA000F0B5094E016802460A2700200B460131A0
:102FB0001C78355D6D0701D41360F0BD07FB00433D
:102FC000A3F13000F2E700BF053C01082DE9F84FFE
:102FD00015469A46D378234A12F803B06F2B8146E0
:102FE0000F460BF0030B2BD026D8582B0CBF102606
:102FF0000A26DDF828803246002348463946FEF787
:103000008DF8092A08F1FF38D4B21ED83034B14502
:10301000E4B277F1000788F8004001D3D04511D819
:103020002B789B0605D5082E15D1AB7843F0080305
:10303000AB704046BDE8F88F03F0F703702BD5E77F
:103040000826D6E781460F46D5E7BBF1010F0CBF36
:1030500037345734DBE7102EEBD1AB7843F0100355
:10306000E6E700BF053C01082DE9F04F97B08A461E
:10307000039016461C460025307808B9284656E3CA
:1030800025280AD0039B514698470028C0F24F8359
:10309000731C01350493049EEEE71822002110A84A
:1030A00007F07CFF7378252B00F0A3800023711CB0
:1030B00098469E469C4618460F4611F8012B2B2A2F
:1030C00000F0C68000F2BD80202A00F0C480232AD0
:1030D00000F0C4802BB19DF8483043F040038DF8D8
:1030E0004830B8F1000F05D09DF8483043F0200378
:1030F0008DF84830BEF1000F05D09DF8483043F000
:1031000010038DF84830BCF1000F05D09DF8483011
:1031100043F008038DF8483028B19DF8483043F05B
:1031200004038DF848309DF8483003F044014429E9
:1031300003D16FF386138DF848309DF84830099716
:1031400043F080032A2A8DF8483040F08C809DF8A7
:10315000493043F001038DF849307B1C1A782E2A40
:103160009DF849200CBF0121002161F341028DF837
:1031700049200CD15A1C09925A782A2A40F083809F
:103180009DF8492042F004028DF8492002331A7854
:103190006C2A00F0A48000F28680682A00F08C80FF
:1031A0006A2A00F0A5804C2A00F0AA801A4612F87C
:1031B000013B0492782B9DF849208DF84B3000F2AA
:1031C00017816D2B00F2A980692B00F21181572B1A
:1031D00000F2BE80412B03D0453B022B00F2088158
:1031E0009DF84A30042262F302038DF84A3001232D
:1031F000CAE08DF84B30B31C04939DF84930D907D1
:1032000040F1FD8054F8048BB8F1000F07DA9DF807
:10321000482042F004028DF84820C8F100085A07FF
:1032200040F1F68054F804BBBBF1000F80F2F5804A
:103230009DF849306FF341038DF849304FF0FF3B63
:10324000EBE02D2A0DD0302A7FF444AF012333E781
:103250004FF0010C30E74FF0010E2DE74FF0010861
:103260002AE7012028E709A8FFF79AFE099BBB423D
:103270003FF474AF9DF848201390C00F60F34102F3
:103280008DF848206AE709A8FFF78AFE9DF84830C4
:103290001490C3F3400242EAD07262F341038DF806
:1032A0004830099B73E7742A26D07A2A7FF47EAFD0
:1032B0009DF8492006210CE05A78682A9DF849209B
:1032C00006D1012161F3C6028DF8492002336DE772
:1032D000022161F3C6028DF84920013366E75A786E
:1032E0006C2A9DF8492001D10421EBE70321F0E786
:1032F0009DF849200521ECE79DF849200721E8E7E2
:10330000BDF8482022F4F04222F0020242F480424A
:1033100042F00202ADF84820DFE76E3BD9B201234C
:103320008B4040F282410B4238D113F0240F52D12E
:10333000DF075DD59DF84A30032161F302038DF864
:103340004A3002F07803A3F14000434243411BE0BE
:10335000A3F15801C9B2012000FA01F111F4624F42
:103360007FF43EAF40F6010739421DD111F4043F0E
:103370003ED09DF84A3060F3020302F07802402A02
:103380008DF84A3034D000239DF84820C2F3400124
:103390000B4363F341028DF848202EE79DF84A3035
:1033A000022161F30203E8E79DF84A10022002F0CF
:1033B000780260F30201402A8DF84A1002BF9DF89E
:1033C000481041F001018DF84810632BDBD1131E2A
:1033D00018BF0123D8E79DF84A30032161F30203A7
:1033E00012F0780F8DF84A3014BF01230023CBE789
:1033F0009DF8483043F001038DF84830C3E79DF94C
:103400004820002AB4BFDDF84C804FF0FF3806E7B3
:103410009F077FF513AFDDF850B09DF849100023EA
:10342000CDE913339DF84A3003F00703012BC1F3B4
:10343000C30132D1CB1E042B04D8DFE803F02045B2
:1034400045202000236801294FEAE372CDE91032BC
:103450001BD19DF94030DA17CDE9103204349DF8C4
:10346000483013F003074FD0049B0398324651466F
:103470000CF069FD0028C0F25A8105440BE654F8AF
:10348000043BDA17CDE91032E9E70229E6D11AB296
:1034900043F3C033CDE91023E0E7022B24D1CB1E48
:1034A000042B04D8DFE803F01810101818000129C5
:1034B00054F8043B4FF0000214D00229CDE9103239
:1034C000CDD19BB21093CAE7073424F00704F4E887
:1034D0000223CDE91023C2E754F8043B10930023E4
:1034E0001193BCE7DBB2CDE7042B08D1073424F0FD
:1034F0000704D4E900230834CDE91023AFE7032BF8
:10350000ADD154F8043BDDE79DF84B0078283FF639
:10351000C2AD62281ED8252850D058287FF4BBADF4
:103520000DF13E030093DDE910010AAB12AAFFF78B
:103530004DFDBBF1000F814680F2C280B9F1000F52
:103540003FF4A9AD0DF13E06A6EB0903002F7BD099
:10355000013379E0633815283FF69DAD01A252F89A
:1035600020F000BF37360008953600089730000875
:10357000973000089730000897300008953600080B
:1035800097300008973000089730000897300008FF
:10359000E3360008BB360008F53500089730000810
:1035A00097300008CD35000897300008BB3600087A
:1035B0009730000897300008BB360008039B51463F
:1035C00098470028C0F2B380013564E5BBF1000FD5
:1035D000DDF840900ADB5946484608F093F8B9F107
:1035E000000F3FF458AD09EB000620E04846FCF719
:1035F000E7FDF8E71098002800F087800DF13E06FF
:103600000AAB009612AA0021FFF7E0FCBDF84A3091
:1036100003F0EF0343F4F04343F01003BBF1000F5A
:103620008146ADF84A304ADA00283FF434ADA6EBC3
:103630000903002708E0109B8DF8283000270DF1C2
:1036400029060DF1280901239DF84A1011F01002F6
:10365000069260D00233139A059213444A0644BF7F
:1036600014995B18B8F1000F6EDDA8EB03089DF804
:1036700048305807C3F3800B66D459065AD53FB17A
:10368000039B514638469847002850DB01355F467A
:10369000302350E01E075CBFC3F300135F01DDE978
:1036A000102348BF2B27002BBFF63AAF524263EBE3
:1036B0004303CDE910232D2732E7002730E7002709
:1036C0009DF848100DF13E03A3EB09036FF386113B
:1036D0009B458DF848107FF631AFABEB0303139396
:1036E0002CE7109B07293FF6D6ACDFE801F00C046D
:1036F000060C08080C0C1D70CDE41D80CBE4EA1705
:10370000C3E90052C7E41D60C5E4314E0746A6F187
:103710000509052398E7080748BF01339BE71846CA
:1037200007935146039B98470028079B04DA17B07C
:10373000BDE8F08F2023C346594600290BF1FF3B1B
:10374000EDDC45446D1AD84637B1039B51463846E7
:1037500098470028EBDB01359DF84A30DA0601D4A2
:103760001B0706D5039B5146302098470028DEDB17
:103770000135069B3BB19DF84B00039B5146984792
:103780000028D4DB0135059F2F4406E0039B5146FA
:10379000302098470028CADB01357B1B002BF5DC65
:1037A000039833464A4651460CF0CDFB0028BEDB59
:1037B0000544A844A8EB0503002B7FF76CAC039BE2
:1037C0005146202098470028B1DB0135F2E700BFC1
:1037D000654001082DE9F84344690569C76840F26E
:1037E0006C73E1170135E41841F10001022D8CBF23
:1037F00000230123E41A61F100010029064607F1C4
:10380000FF3751DA6FF4C77020184FF4C8724FF0C9
:10381000000361F10001FDF731FC264B03FB00447E
:10382000D6E90083B6684FEAE37C4FF03C0E994638
:103830006346C6FB0E93A9FB0EC60EFB0366A308E8
:1038400040F26D1E022D0EFB043302463B448CBF3A
:103850006FF00200092064270544B4FBF7F49920B7
:103860001B1B154C45431CEB080C4FF0050005F1E4
:103870000205B5FBF0F5A2FB04202B4404FB01017B
:1038800046EBE87698180D4A41F1000380180C4A7F
:1038900063F10003A0FB020102FB031110EB0C001B
:1038A00041EB0601BDE8F8834FF4C87200232046BF
:1038B000B1E700BF70FEFFFFB13A02009405F5FFCB
:1038C00080510100034A536823F002035360002033
:1038D000704700BF002004E0EFF31180102383F352
:1038E0001288BFF36F8F094B1A683AB9084A1168FA
:1038F00041F4807111601168C905FCD51A68013264
:103900001A6080F31188BFF36F8F7047501D00203D
:103910000070004038B5EFF31185102383F312884F
:10392000BFF36F8F104B1A6892B9104C237853B9BC
:103930000F48036813F0060F03D00E4A02210CF063
:10394000E7FE0123237085F31188BFF36F8F38BD25
:10395000012A01BF08490A6822F480720A601A68C5
:10396000013A1A60EFE700BF501D0020102400202C
:103970008C0C00206640010800700040084B1A685B
:1039800042F400721A601A6842F480621A601A687F
:1039900042F480721A60034B034A1A60704700BFFA
:1039A00000200240400A002000093D002DE9F047B8
:1039B000DFF85880044607464FF0010914B938462D
:1039C000BDE8F08794FAA4F5B5FA85F509FA05F390
:1039D0002E0108EB05156FEA030A24EA03042B7B8A
:1039E000002BEBD058F806301B694BB94644042233
:1039F00073682846196807EA0A070CF005FEDDE738
:103A0000284698470028D9D1F0E700BF683101085F
:103A100030B51049104889B000220EF006FF0F4D56
:103A20000F4900220023CDE9062300240E23CDE90F
:103A30000334CDE901440B4B00944FF44072284607
:103A400005F062FE0849284605F098FD204609B0B9
:103A500030BD00BF6D3A0008C0110020000D0020ED
:103A600040240020B53D0008A7400108014805F0AA
:103A7000E3BB00BFD40C00202DE9F047804620486E
:103A80000F460CF091FD0646002832D0002528464E
:103A9000BDE8F087237B83B12368DB680BB1204648
:103AA0009847636883F8069023681B69CBB96368FD
:103AB0000422196820460CF0A7FD01361034544545
:103AC000E8D3B8F1000FE2D0002DDFD02846FFF791
:103AD0006DFF0546002FF7D0002164200EF015FE83
:103AE000F2E7204698470028E1D009FA06F31D4383
:103AF000E3E7044CDFF810A005464FF00109DEE7CC
:103B0000641D0020683101087831010808B50346BA
:103B100008462BB1044A136000F072FD002008BD76
:103B20006FF01500FBE700BF9C09002010B5044CA6
:103B3000237813B9034805F07FFB0123237010BDE0
:103B400011240020D40C002010B504460B480CF0C2
:103B50002BFD5CB1BFF35B8F094B53E8001F0139AC
:103B600043E80012002AF8D1BFF35B8F05480EF03E
:103B700068FE0548BDE8104005F05EBB5C1D0020F6
:103B8000601D0020C0110020D40C00200020064B36
:103B9000BFF35B8F014653E8000F43E80012002A91
:103BA000F9D1BFF35B8F70475C1D002070B5FFF744
:103BB000EDFF084C084E0546B44200D370BD636863
:103BC0005B792BB123685B6813B12946204698477F
:103BD0001034F1E7683101087831010810B5044C60
:103BE000044920460CF0C9FA034B1C6010BD00BF0D
:103BF000FC0B00206C340108541D00200E4A0F48B5
:103C0000002310B513700E4A13600E4A4FF47A71F8
:103C10001360FFF77BFFFFF7E1FF00F075F90A4B38
:103C20000A4918468B4200D310BD1A1A5C6812115B
:103C3000013222711033F5E712240020C305010878
:103C40005C1D0020601D00206831010878310108EA
:103C500001460022014800230CF0B0BAFC0B002002
:103C600001480CF049BB00BFFC0B0020024B014691
:103C700018680CF095BB00BF541D002001480CF0E3
:103C8000CABB00BFFC0B00202DE9F041324B187875
:103C900000285FD0FFF7E4FF0446002856D12F4BE1
:103CA0002F4C1B68002B12DD0EF0BDFD0A220023F5
:103CB000FDF734FAD4E90032C01A40F2E93361EB7F
:103CC0000201984271F1000101D3FFF76FFFD4E9BF
:103CD000003213F57A7342F10002C4E90032BDE804
:103CE000F041FFF7CBBF6B685B793BB121784B07A5
:103CF00017D52B6821461B6828469847103545453F
:103D0000F1D32046FFF7B2FFBFF35B8F154B53E8AB
:103D1000001F013943E80012002AF8D1BFF35B8F7E
:103D2000BDE720462688C1F3C20700F0A3FAC6F318
:103D300082160246002EDCD00028DADB0123394649
:103D4000284600F091F9B042D8D3D2E7064DDFF80B
:103D50001C80D4E7BDE8F081112400205C1D002008
:103D6000B8110020601D0020683101087831010879
:103D700070B50D4D297861B90120FFF77DFE0B4C20
:103D80000B4EB44206D3FFF77FFF0028FBD101237F
:103D90002B7070BD63685B791BB1236820469B68FC
:103DA00098471034EDE700BF122400206831010865
:103DB0007831010800212DE9F0470846FFF75CFE45
:103DC000044648B34FF4FA784FF0000905F0F8FFC5
:103DD0001A4B186030B11A4B1B68092B02DD1948C9
:103DE00005F02AFA184FDFF85CA0002544B1204600
:103DF000FFF7DCFD044618B94FF0FF384FF0FF39EC
:103E0000FFF742FF064628B9B5B942464B46504631
:103E100005F04CFA3546E9E74FF0FF384FF0FF392F
:103E2000D4E72B689B691BB10022114628469847AE
:103E30001035BD42F5D3E8E7044DFAE7581D0020E0
:103E4000601D0020D40C0020783101086831010881
:103E500013B518480CF0A8FB174B1B7873B1EFF3A0
:103E60001184102383F31288BFF36F8FFFF70CFFC9
:103E700084F31188BFF36F8F02B010BD0F4B1B6826
:103E8000002BF9D050B900220023CDE900230C48C3
:103E900042F21072002306F007FBEDE70928EBD190
:103EA00007480EF0CEFC074802B0BDE8104005F010
:103EB000C3B900BF601D002012240020581D00203F
:103EC000C0110020D40C002010B5064B1B6804461E
:103ED00098472146A06004480CF0EFF9BDE8104077
:103EE000FFF7B6BF9C090020FC0B0020044A054BDD
:103EF0009B1AB1EBD30F34BF52F83100002070474A
:103F0000B8300108683101080B480C4B30B51B1A5A
:103F10000B4CDB0800210430994200D130BD10F871
:103F20003120256802F0070225F007052A4344F8EE
:103F3000042B0131F0E700BFB830010868310108F7
:103F4000400C0020F8B50B4F0B4DED1B0646ED085D
:103F50000024AC4203D14FF0FF342046F8BD57F89F
:103F6000340020B13146FCF79FF90028F5D0013428
:103F7000EFE700BFB83001086831010800282DE9DB
:103F8000F047884615461F461DDADFF89890264E02
:103F90004FF0000AA6EB090636095446B24509F16E
:103FA000100902D12046BDE8F08759F80C0C3B46B9
:103FB00000792A464146FFF7E1FF844238BF0446B4
:103FC0000AF1010AEAE7194B194AD21AB5EBD20FE6
:103FD00026D203EBC5031C79BC4228BF3C46154ED4
:103FE000C0B200EB400056F825300722824023EA99
:103FF000020304F00702824013430021032223FA44
:1040000002F000F00700814202F1030238BF0146CE
:104010001E2AF4D123F007030B4346F82530C1E7ED
:104020000024DCE76831010878310108B830010864
:1040300068310108400C0020F8B5094D094BED1A14
:1040400006460F46ED080024AC4200D3F8BD00211F
:1040500022B23B46304601340CF0CEFAA4B2F3E76C
:1040600068310108B830010870B14168097973B14D
:10407000002A17DBCBB20C4951F8220003EB4303B3
:10408000D84000F0070070474FF0FF31EFE70749D5
:104090000748401AB2EBD00F3ABF01EBC2010879D2
:1040A0001846704704207047400C0020B8300108C3
:1040B000683101082DE9F04F8FB004AFC1F34A28F1
:1040C000B8600D4691467B600C0DB8F1000F67D0CB
:1040D000002607F114034FF0040B4FF00A0AC7F84B
:1040E0000C80C7E907667E620193CDF808B0CDF871
:1040F00000A007F11C03F96832464846FEF72EFB84
:10410000B0F5006F034620D32A48036813F0060F6A
:1041100017D06C468AB0D9F8041004AB264DC3E919
:10412000055140F2FF71D9611A464FF400711984AC
:10413000224B42F8103F4FF412513346FFF7BAFFBB
:10414000A5462C37BD46BDE8F08FC0F30A0804F140
:104150001700184420F0070080083B60FFF778FD47
:1041600068F35325044690B13B68154AC7E9083601
:1041700000F1100107F11403F961CDE900A3CDF8B6
:1041800008B0F96807F11C034846FEF7E7FA68F340
:1041900053257B68B9682A4620460CF069FAD0E7B7
:1041A00004F1170020F007008008FFF751FD0446D6
:1041B000EDE700BF4C0C0020BC40010804000001EA
:1041C000430601082DE9F04F87B0DDE91279DDE9FA
:1041D000105A0446039193469846DFB1CDF80090FB
:1041E0003B46524610210020CDF81490FEF7E4F82B
:1041F000B0F5006F06460ED31C48036813F0060F97
:1042000030D01B4A40F2FF73022107B0BDE8F04FE7
:104210000CF087BA3E4605F11700304420F0070045
:1042200004F007048008FFF713FD0BF0070BE40010
:1042300044EA8B1444EA462444EA0554054640B156
:104240003FB1CDF800903B46524631461030FEF764
:10425000B3F8039943462246284607B0BDE8F04F1D
:104260000CF006BA07B0BDE8F08F00BF4C0C002080
:10427000FB400108406820B1034BC01A40F38F0097
:1042800070474FF0FF307047400C00200EB403B56C
:1042900003AB014653F8042B044801930CF066FA73
:1042A00002B05DF804EB03B0704700BF7B07010864
:1042B000CA0605D48B064CBF02490349FFF7E6BF87
:1042C000704700BF04450108334101082DE9F04F54
:1042D00089B09A46149B06939DF84CB0159B0593A4
:1042E000169B179E049304460D469046BBF1000FA3
:1042F00000F09D8006F4807307930CF07BF906F0C4
:104300000209024600283ED092492046FFF7BEFF30
:104310000746B9F1000F08D016F0440F35D18E4989
:104320002A462046FFF7B2FF074406F0010353B1C7
:104330008A4B8B4953F82B208A4B2046002A08BF12
:104340001A46FFF7A3FF06F48073002B49D006F04E
:104350000803002B63D1B8F1000F66D082494246B2
:104360002046FFF793FF0546069B3D44002B6DD189
:10437000049B002B73D1F30700F1E5803146204602
:10438000FFF796FFD9E00746C3E7784B1868002887
:10439000CAD0774B4FF47A791B68B5FBF3F54FF42D
:1043A0006163B5FBF0F100FB115509FB05F54FF01A
:1043B0003C0CB1FBF3F203FB1211B5FBF0FEB1FBB9
:1043C000FCF300FB1E550CFB131109FB05F50091D6
:1043D000B5FBF0F56749CDE901E52046FFF756FF4B
:1043E000A2E706F00803EBB1634B644953F82B20B6
:1043F0002046FFF74BFF0546B8F1000F05D05A499C
:1044000042462046FFF742FF0544BAF1000FABD009
:104410005B4952462046FFF739FF0544A4E74FF0B9
:10442000000AE1E706F00805E6E745469CE7BAF131
:10443000010F069B06D1002B65D1049B002B7CD07D
:1044400000250CE0002BF8D04E485DE04E48069B5E
:104450004E4922460BF088FC049B002B69D0DFF804
:104460003081DFF83091049F3146102F204628BF5D
:104470001027FFF71DFF4FF0000A554546DC059B4E
:1044800049461A782046FFF701FF4FF0010A1AF05B
:10449000070F03D141462046FFF7F8FE57453CD9A8
:1044A000059B494613F80A202046FFF7EFFE0AF164
:1044B000010ABAF1100FEAD1374920464FF0000A3D
:1044C000FFF7E4FE5246059B9A5C344B995C11F071
:1044D000970F08BF2E2232492046FFF7D7FE0AF178
:1044E000010ABAF1100F1DD01AF0070F03D141468F
:1044F0002046FFF7CBFE57455246E4D841462046BA
:10450000FFF7C4FEEBE720485D46A0E741462046A2
:10451000FFF7BCFE0AF1010AAFE722492046FFF788
:10452000B5FEC4E7059B3B440593049BDB1B04934A
:1045300099D1BBF1000F7FF41EAF204609B0BDE852
:10454000F04F0CF006B9074A05492046FFF79EFEDA
:1045500014E700BF474E01083B41010880340108C1
:104560002D47010836410108604101086C1D0020FB
:10457000681D002044410108943401086441010889
:104580006A410108B10701087B0701086D070108AE
:10459000774101086F41010879410108053C010894
:1045A0002B4E01087541010873B542F20F738B421F
:1045B00028BF0B4605680F4A0446052168460BF0E4
:1045C0007AFC63680C495B6806460B2228460CF0AF
:1045D000B2F863683246694628465B680CF0ABF86F
:1045E000636806495B681B2228460CF0A4F802B0F9
:1045F00070BD00BFD1540108974101087B410108FB
:10460000074A00210123904206D8064A01B9012336
:104610001360054B1860704740085B000121F2E70A
:1046200040420F00681D00206C1D0020014B0360FC
:1046300000207047A834010810B5044604F094FA2D
:104640000349024620460CF0D3FA002010BD00BFFB
:10465000DA41010837B5134600220192054601AA46
:1046600058680A210CF020FC019C4CB920EAE0704B
:104670000A2180FB01010EF048F8204603B030BD4E
:104680002246034928460CF0CFFA019CF5E700BF0B
:104690000642010808B5034A03490CF0A9FA0020B4
:1046A00008BD00BFF642010800430108F7B51746F0
:1046B0000023054601AA0A21B86801930CF0F4FB17
:1046C0001749C6B228460CF0A1FA019C44B1224613
:1046D000144928460CF0A8FA019C204603B0F0BD0E
:1046E000042E09D91049324628460CF09DFA284676
:1046F0000CF0D6FA0124F0E77868FFF723FC021EDD
:1047000007DA7A68094928460CF08EFA6FF015042A
:10471000E3E7334612B2214620460BF06DFFDCE79B
:104720002B43010891430108B8430108CF43010816
:1047300007B500230090694604488DF8043005F061
:104740009BFC9DF8040003B05DF804FB37080108EA
:1047500010B5044604F0EAF90749024620460CF079
:1047600047FA204605490CF043FA0548214605F072
:104770009DFC002010BD00BF2744010846440108ED
:1047800085470008F0B58FB0D0F8A07004460D46FC
:104790000DF00FFF064605F013FB204B2049214A80
:1047A000002E08BF1E46844218BF0A4623462846EC
:1047B0001D4900960CF01CFAD4E90A23CDE9002328
:1047C000284694F90E30227B18490CF011FA06A9FC
:1047D0002022204604F0E2FE636E15490246284678
:1047E0000CF006FA05A920460DF0F1FE024628B1AC
:1047F000104928460CF0FCF90FB0F0BD059B64226F
:10480000F91A4A430091B2FBF7F20B49CDE9017264
:1048100028463A460CF0ECF9EEE700BF5044010898
:104820007741010810580108534401085F4401080A
:104830008B440108A2440108CF440108F0B50025CB
:1048400091B00446294608AF1C2209A806F0A6FB31
:10485000134E1A222021384606F0A0FB21461148AB
:1048600005F024FC07AA4FF4006130460DF0A3FECA
:10487000079A0097C2F5006164234B43DB0A059356
:104880004FF40063CDE90313CDE901322046064918
:104890002B46A6F140020CF0ABF9284611B0F0BD52
:1048A00000300020AD4800082045010870B50446DE
:1048B000D0F8A06088B00D4607A90DF088FE02462A
:1048C00028B10F4928460CF093F908B070BD204676
:1048D0000DF06FFE079B0096F11ACDE90131094BEF
:1048E00064224A43002818BF0346B2FBF6F2064989
:1048F000CDE90362284622460CF07AF9E5E700BFCD
:10490000A2440108504401086945010838B513461E
:10491000054610225868002107F04EFA0446FFF7BA
:1049200007FF38B90D49224628460CF07DF96FF093
:10493000150038BD05F044FA844204D108492846E0
:104940000CF072F9F3E7204604F0F6FF284605491B
:1049500022460CF04DF90020EBE700BFCD450108E1
:10496000E84501081046010838B5134605461022EF
:104970005868002107F020FA0446FFF7D9FE38B93D
:104980000D49224628460CF04FF96FF0150038BD4E
:1049900005F016FA844204D1084928460CF044F97F
:1049A000F3E7204605F0E6F82846054922460CF0D4
:1049B0001FF90020EBE700BFCD4501084F46010875
:1049C0007546010838B5134605461022586800217F
:1049D00007F0F2F90446FFF7ABFE38B90D4922465D
:1049E00028460CF021F96FF0150038BD05F0E8F904
:1049F000844204D1084928460CF016F9F3E7204612
:104A000002F0ACFD2846054922460CF0F1F80020E2
:104A1000EBE700BFCD450108B0460108D5460108C7
:104A20002DE9F04F87B00446684604F053F9009F23
:104A3000284ADFF8A4A0DFF8A4B0242303FB007702
:104A4000082120460CF0C7F8009DBD4203D300208A
:104A500007B0BDE8F08F2B680BB11A7832B92B463E
:104A60001F4A142101A806F0ABFC01AB52460821F5
:104A700020460CF0B0F828460DF0FAFC194B1A4A03
:104A8000002808BF5B46082120460CF0A4F82B6ADA
:104A9000A3B11E6896B1336883B1144A0821204639
:104AA0000CF099F8B1464FF000083368104A4345BE
:104AB00006D8104A082120460CF08DF82435C4E7AA
:104AC00059F8043F082120460CF085F808F1010848
:104AD000EBE700BF1C4701082B47010813470108FB
:104AE000264701080D4701088E4E0108304701088E
:104AF0002C470108044501081FB50C68D1E90432B0
:104B000003944C6802948C680194C9680091013345
:104B1000034902F26C720CF06BF804B010BD00BFD8
:104B200071470108F7B513783A2B06460F4615462C
:104B300014D1541C23783A2B28D101340A2201A91C
:104B4000204607F093F8019A3860A242034617D036
:104B50001078A8B93C2B15D915490EE00A2201A9F5
:104B6000284607F083F8019CB860AC4208D023784F
:104B70003A2B05D1172807D90E4930460CF054F8C6
:104B80006FF0150003B0F0BD0134D3E70A2201A98C
:104B9000204607F06BF8019B7860A342F0D01A78AA
:104BA0003A2AEDD13B2801D90349E6E75C1CC5E769
:104BB000B047010892470108A04701082DE9F041DC
:104BC00090B00D46044602A9012017460DF02DF8BD
:104BD00007A902A805F084FD032D55D17D680A229E
:104BE00001A9284607F042F8019EB542804615D03B
:104BF00032782D2A12D101360A2201A9304607F057
:104C000035F8019B9E4209D01A782D2A06D1451EFF
:104C10000B2D0CD9284920460CF006F820460CF044
:104C20003FF86FF01505284610B0BDE8F0815E1C16
:104C30000A2201A9304607F019F8019B9E42EDD0E7
:104C40001B78002BEAD1431E1E2B01D91B49E2E73A
:104C5000A8F26C73CDE90B53BA680A9007A92046F5
:104C6000FFF760FF0028D9D107A80BF0EDFBB1F1E9
:104C7000FF3F08BFB0F1FF3FCDE9020108D1104965
:104C800020460BF0D1FFCCE7022DC7D17A68E5E7CB
:104C9000002302A9012004930CF0D5FF054628B19A
:104CA0000246084920460BF0BFFFBAE707A9204695
:104CB000FFF722FFB7E700BFC0470108CF47010851
:104CC000DC470108054801082DE9F04114468846F3
:104CD000074610226068002107F06EF8B8F1020F55
:104CE000064607D8254A2023082138460BF073FFD3
:104CF000336816E00A220021A06807F05DF8C5B20B
:104D00001E4A2B46082138460BF065FFB8F1030F09
:104D10001AD1102D0CD0202DEAD0082D0BD13378CC
:104D2000DBB2174A082138460BF055FF002009E096
:104D300033889BB2F5E73846124A08210BF04BFF47
:104D40006FF01500BDE8F081E0681022002107F047
:104D500033F80D4A03460446082138460BF03BFF62
:104D6000102D06D0202D07D0082DE4D1E4B23470E8
:104D7000DCE7A4B23480D9E73460D7E74A480108B9
:104D8000754801085F480108864801082DE9F04F81
:104D900087B000230193524BDFF848A191460122CE
:104DA000074688461A6002F0CBFE4FF0FF352026FA
:104DB0002C4649465246404602F0E6FE411C06D1CA
:104DC0006A1C41D1484938460BF02EFF17E0732882
:104DD0001AD0772828D0612811D1DFF810B101AAA4
:104DE000DBF8000010210CF05FF8019B0546002B5A
:104DF000DFD0DBF800203E4938460BF015FF6FF09E
:104E0000150007B0BDE8F08FDFF8E0B001AADBF8CD
:104E1000000000210CF048F8019B0446002BC8D08C
:104E2000DBF800203349E7E7DFF8C0B001AADBF880
:104E3000000000210CF038F8019B0646002BB8D08A
:104E4000DBF800202C49D7E7631C01D12B49BAE7D6
:104E50005FFA86F8C6F3C406002C3FD002AB2946A1
:104E60001A46A6EB050C0CE0B8F1100F1DD0B8F1F6
:104E7000200F20D0B8F1080F2AD1087818703144DB
:104E80003344A64203D80CEB01001028ECD9102CB7
:104E9000A14628BF4FF0100929464B46384601F07D
:104EA00023F81035A4EB0904D6E7088880B21870FF
:104EB000000A5870E3E7086818704FEA102E83F86C
:104EC00001E04FEA104E000E83F802E0D870D6E7FA
:104ED0000B4A082138460BF07EFE90E7204690E70B
:104EE000F0090020D4480108DB480108CC2100204B
:104EF0009A480108AD480108C0480108F84801086F
:104F00005F48010870B50F4E044633780D4671B105
:104F100023B1BDE870400C490BF086BE012333700D
:104F20000A4920460BF064FE0123337004E083F04D
:104F300001033370002BF3D129462046BDE87040B1
:104F40000BF0CCBE13240020124901084D49010882
:104F500070B504463B480378182B02D10B78112B0F
:104F600031D0013A0B468D18AB4225D18B5C0A78C3
:104F70000370A2F13003092B334C04D922F0200333
:104F8000413B052B04D823683049CA5401332360C0
:104F90002368022B33D110222C48002106F00CFF8D
:104FA0002B4A136803F8010B13602A4A1368013374
:104FB00013600023236022E013F8016B182ED3D175
:104FC0001E78112ED0D1234D23492A6820460BF09C
:104FD0000FFE20460021FFF795FF204B187870B98F
:104FE0001F4A2B681168042B0ADC08B111602B6082
:104FF00013F003010BD1126813681BBA136070BD64
:10500000086800BA41F8040B043B0120EBE75B425F
:1050100003F0030358BF5942022904D112681388D0
:105020005BBA9BB2EAE70329E9D110680268110470
:10503000C2F3074301F47F010B4302F47F421343A1
:105040000360DCE714240020701D002016240020DB
:105050007C1D0020741D00207749010815240020C4
:10506000781D00202DE9F84F0C462B49DFF8AC8065
:10507000DFF8AC90DFF8ACB000230B602A4988F869
:10508000003006460B601546012C2F4655F804AF3C
:105090001ED902224946504606F0BEFA80B99AF857
:1050A0000220003A18BF01229244204902225046B1
:1050B00006F0B2FA30B9012388F80030013CE3E78A
:1050C0000022F1E749465046FBF7EEF8A8B904374D
:1050D00000221146786806F06FFE154B002211463B
:1050E0001860786806F068FE124B13491860304665
:1050F000FFF708FF0020BDE8F88F9AF800202D2A5E
:10510000E6D19AF80120002AE2D0524659463046AC
:105110000BF06EFDD2E700BF701D002015240020AB
:105120009149010897490108741D0020944901081C
:105130007C1D0020781D0020514F000807B50A484B
:105140000DF096F960B1094A07491268084804232E
:105150000093012300F030FF002003B05DF804FB52
:105160006FF01200F9E700BF682D0108A4350108AF
:105170007831010810B54468C4E90012A3604268A0
:105180001346402153F8404B53625163002302F110
:105190003801C2E90413C2E90A33C2E9063308211F
:1051A00013631162C2F8B830A36823B19B6C13B1CA
:1051B000044920469847A3689B6A0BB1204698474C
:1051C000002010BDC95100082DE9F34705460C46E3
:1051D00083685B6C03B19847AB685B6B73BB4FF044
:1051E000000904F1240704F12808218E238D626B45
:1051F0005B1A9BB2D31A934228BF1346414601AAB9
:1052000038460BF02DF98246002844D0AB6801994E
:105210009B69002B33D0024628469847064688B340
:105220003246414638460BF051F956454FF00109D8
:10523000DBD0D4E901310020984703E028469847A5
:105240000028CCD1AB685B6A002B37D1628BE38A34
:105250009B1A226A9BB2934204F1100704F11A08C8
:1052600028BF1346414601AA38460BF0F9F8064616
:1052700058BB28460BF007FBC4F8B86031E06FF06C
:105280005706CDE70246414638460BF01FF9B9F103
:10529000000FD7D0CDE71748036813F0060F03D0EF
:1052A000154A02210BF034FAAB689B69002BEED053
:1052B00001220DF1030128469847E8E72846984760
:1052C0000028C3D102B0BDE8F087AB6801995B69E3
:1052D00063B10246284698470246414638460BF0DD
:1052E000F5F8D4E9013101209847EBE76FF0570258
:1052F000F3E700BF800C0020FE4A010810B581686A
:105300000446183101F090FBA168034A2046183189
:10531000BDE8104001F010BB404B010801490BF003
:1053200050BB00BF04450108F7B504468068D0F8BB
:1053300078325A070D4605D500210BF090FBE06846
:105340000CF0D9F9E368DB6873B9002D3BD0A6688F
:1053500006F1560738460BF041FB002835D0394698
:1053600006F5AB7006F0FAF8A268E0680DF10603E6
:10537000563229460CF0C2F958B9A06800F5AB7155
:10538000563006F0EBF8A06856300BF027FBADF86E
:10539000060020460BF047FEA368D3F874329B0644
:1053A00003D50B4960690BF00CFB204601F096F821
:1053B000A268BDF80630A2F85230A2682046A2F8D2
:1053C00050300BF0D3FD03B0F0BD86F85601CBE7AB
:1053D000003301082DE9F04FA7B004465422002104
:1053E00011A805F0DBFD0023CDE90533A3682046B5
:1053F000563302930BF01EFE20460BF0A0FD10B9B1
:105400006069FFF78BFFA06814220021183005F0B7
:10541000C5FD204600F0A8FFA168E068B1F8502063
:10542000563100260CF0A1F920460CF030FA4FF06E
:10543000FF37B24603960DF14408B3463546B146F0
:10544000DDE90532012A6DD0132B6ED85FBBBBF1AD
:10545000000F0AD020460CF03BFAA2681423563203
:1054600011A90DEB030000F033FEB9F1000F0CD0D1
:1054700099F81130FE2B08D1059B26AA02EB830276
:1054800052F8542C0AB101330593A068059D436A74
:10549000002B40F0B680CEB1C3699E422DD00D9650
:1054A00000F1180524E0029A0223414606A800F004
:1054B0000FFE0699D8F804200292034631B1012963
:1054C0000AD148B16D4A20460BF066FE6FF0070521
:1054D000284627B0BDE8F08F059B002B34D0D8F8C4
:1054E000000001F0D3FA98B166B1A5680D961835A1
:1054F0000CAE0FCE0FC533682B602046FFF7FEFEC3
:105500000125E5E75E4A012120460BF045FEDDE777
:10551000059BCBB1D8F800202946204601F058FC65
:10552000022809D1059B132B91D9069B022B8ED102
:10553000544B554A0121C6E7032805D0059B01338A
:1055400005934FF0010B7BE7039B33B9D8F80010AC
:1055500007AA48460BF04FFC054608F10408013F36
:105560009DB3EB68BBF1000F08D0F3B120460BF000
:1055700061FD20460BF0FAFC444AC4E7ABB1A368D6
:10558000DDF814A0AE4603F1180CBEE80F00ACE83D
:105590000F00DEF80030CCF80030AB682BB96B7C24
:1055A000FE2B04BF2F7C07F1FF37D5F804C0BCF1F8
:1055B000000F08D0AE46BEE80F000CAE0FC6DEF8F6
:1055C000003033606646A94603E0059B53B10123D2
:1055D0000393069B17B9022B7FF432AF059B01336F
:1055E00005932DE7A368DB6A13B1DB68002BEED1CE
:1055F000274B0093274A119B012120460BF0CCFD3D
:10560000E5E790F82830A5EB0A05BBB190F8291022
:105610004FF6FF72FF2918BF0A469D4202D313447A
:105620009D420BD983691C4A012120460BF0B4FD31
:105630002046FFF763FE6FF0150549E701210BF0E7
:1056400003FAA06800F543700BF022FAA36811AAD0
:10565000294602EB8A025B6A204698470546A06805
:105660004FF0FF324FF0FF3300F543700BF091F92C
:10567000A06800210BF0E8F92AE700BF4E4B0108B3
:10568000624B0108C34B0108EA430108804B010843
:10569000AF4B0108BB4E0108E74B010810B583680A
:1056A00002221A7583689B6C0446BBB90BF048F95B
:1056B0008368D3F87832DB040BD50321084B094A01
:1056C0000BF06AFDA0686FF4805100F51E700BF0BE
:1056D00051F92046BDE8104001F086B810BD00BF6A
:1056E000024C01082D4701082DE9F04F044680685F
:1056F000B1B0012100F51E700BF02DF9A3681B7DE0
:10570000022B20D100230993A36860689E6C036874
:105710001D6909AB0EB310221BA9A847099B93B1C1
:10572000A06801210BF090F9099A1BA92046B04707
:10573000A06800210BF088F9A3689B6C002BE3D1D3
:105740002046FFF7ABFFA0686FF0010100F51E7067
:1057500031B0BDE8F04F0BF00DB901220DF123017E
:10576000A847099B002BEED09DF923109DF823300C
:10577000A2680029C8DB517D032900F21283DFE80B
:1057800011F004009202AA0210030D2B56D00A2B2E
:1057900032D0B2F87812092B6FF3CA01A2F878124E
:1057A00064D013D8002B5DD0082B00F0DE815A1C8A
:1057B0008C49A068D2B28A5C12F0970F00F0E281A7
:1057C00001210BF04CF99DF8231001E11B2BA0687F
:1057D00046D07F2BEBD1D0F874329D0742D5012102
:1057E0000BF03DF9A368D3F87432190700F1C681B4
:1057F00020460BF01AFD35E0D2F87812C1F3C7014C
:1058000029B1D2F87812C1F3C7010A29CFD1B2F871
:10581000781263F3CA01A2F87812A568B5F850109F
:10582000C1B928460BF01BF9E0680BF064FF606912
:10583000FFF774FD2046FFF731FF65E7D2F87812D5
:10584000C1F3C7010029E2D0D2F87812C1F3C70131
:105850000D29DBE72046FFF7BDFDC5F82403E9E786
:105860000123437560690BF03FFA4DE7A068D0F85B
:1058700074329A07F6D501210BF0F1F8A068B0F860
:105880005030FF2BEED0B0F8522000F1560100F559
:10589000AB70FAF7C5FEA368B3F852201344002595
:1058A00083F85651A2681BA9142302F5AB720BA80A
:1058B00000F00EFC0B991429D4D830AB03EB810314
:1058C00043F8545CA368B3F85220002A50D1002951
:1058D00057D100250A950A9B30AA02EB83030026C4
:1058E00053F854AC50460BF079F8B3468146B046B5
:1058F000374616AA3946284600F0C6FC034600285B
:105900004ED1012E72D10A9B30AA02EB830353F8C9
:10591000540C0BF063F8A26806461832414628463C
:1059200000F0B2FC056828460BF058F8864205D016
:10593000821B92B2A91920460BF075FCA0682A4A76
:10594000B0F85230034493F85630D15C11F008019E
:1059500042D1D0F87432DF0739D50BF08AF8202114
:10596000204600F009FFA06801210BF082F879E7DA
:105970000029AED013441C4A93F85530D35C1B0762
:1059800002D40129A5D0013900200CAB009301906D
:105990000AAB1BAA0BF05AFA054600289BD161E717
:1059A0001B6803934A465146184605F035FE60B918
:1059B000039B1846FAF704FC584538BF58461FFAAF
:1059C00080FB002E08BFB8460136013791E7202141
:1059D000204600F0D1FE45E7012120460BF0FAFAFF
:1059E00040E700BF043C0108053C010804907FF635
:1059F00039AF0A9A30AB03EB8202C14652F8543CED
:105A0000039318460AF0EAFFA268049B0590A2F8E7
:105A100040300496A26849461832284600F034FC0B
:105A2000039BD0F800A009F101094BB1BAF1000FB6
:105A300006D0059A1946504605F0EEFD0028E9D13A
:105A4000A168BAF1000F4ED1A1F840A0049B013B20
:105A50000493DFD16069FFF761FC204600F0C4FECB
:105A60000A9B30AA02EB830308F1010A53F8540C95
:105A70000AF0B4FF414611AA8146284600F004FC12
:105A80000746A0683968FF2200F5AB7005F006FEF6
:105A90003B6803934FF6FF77B84616AA514628464F
:105AA0000AF1010B00F0F0FB002852D0A168036856
:105AB00001F25511002211F801EF985C704503D1F5
:105AC00010B101324245F6D1B9F1000F01D04A457B
:105AD00007DBBA4206F1FF36A8BF3A46012E97B25D
:105AE00037D0DA46D9E7B04806910AF077FF069931
:105AF00007914A8F00EB0B07BFB2121A504692FB78
:105B0000F7F292B206920AF069FF0799069A3F1AD5
:105B1000B1F8400000F1010CA1F840C0B0FBF2F177
:105B200002FB110080B2BFB260B99F4B9F4ACDF813
:105B300000A0062120460BF02FFB3946204600F03E
:105B400079FC83E79A4A5346062120460BF024FB52
:105B5000F3E7002F3FF486AE0399A7EB090292B258
:105B6000494420460BF05FFB7CE6A068D0F8743215
:105B70009E077FF577AE01210AF071FF20460BF0FA
:105B800073FB6FE6D0F8742292077FF56BAE013B92
:105B9000162B3FF667AE01A252F823F0755D0008A0
:105BA000F95B0008015C0008F1570008695D000816
:105BB000255C00086558000865580008655800080D
:105BC000655800082D5C0008355C00086558000821
:105BD0005F5C000865580008695C000865580008AB
:105BE0006558000865580008655800086D5C000895
:105BF00065580008975C000820460BF024FA31E64F
:105C000020460BF017FA20460BF099F910B960699D
:105C1000FFF784FBA06801210AF021FF2046FFF76F
:105C20003DFD1FE620460BF017FA1BE620460BF061
:105C30001EFA17E6D0F874329F0603D55D496069F5
:105C40000AF0BFFEA368D3F874329E0603D55A4902
:105C500060690AF0B6FE204600F0C6FD02E60021AB
:105C60002046FFF761FBFDE50121F9E720460BF037
:105C7000DAF920460AF064FE0121A0680AF0EFFE7E
:105C8000A368D3F874329D067FF5ECAD4B4960698B
:105C90000AF097FEE6E5204600F09AFCA068012194
:105CA0000AF0DDFEDEE55B2B02D102235375D9E558
:105CB000D2F87422900706D5622B08D14FF0FF313D
:105CC000204600F0CDFBA36800225A75CAE5662B7A
:105CD000F9D10121F4E700215175A268D2F87412BC
:105CE00089077FF511AD313B1B2B3FF6BBAD01A101
:105CF00051F823F0715D00087D5D0008915D00089A
:105D0000655D00086558000865580008655800087A
:105D1000655800086558000865580008655800086F
:105D2000655800086558000865580008655800085F
:105D300065580008695C00085F5C0008255C000885
:105D4000F95B000865580008695D0008655800089F
:105D5000755D00086558000865580008655800081A
:105D6000815D00080323537520460BF063F979E544
:105D70000323537520460BF056F973E5032353753F
:105D8000A068D0F8741201F0010181F00101ECE586
:105D900003235375A368D3F874329B077FF562AD74
:105DA00026E5002382E700BF76410108464C010842
:105DB0002D470108053301080A33010800330108A3
:105DC0002DE9F04104468068154600F51E70002953
:105DD00037D04FF480410AF0BEFDA368DD646068EF
:105DE000036800219B689847002851D120460AF09B
:105DF00075FE00284CD1274E274FDFF8A080A06801
:105E000000F52F704FF0FF324FF0FF33032104F005
:105E1000B3FB0546A068CDB141F28832002300F5FE
:105E200043700AF0B6FD98BB20462B461C4A012160
:105E30000BF0B2F9A068BDE8F04100F543700AF03C
:105E400027BE6FF480410AF095FDC6E74FF0FF339F
:105E50004FF0FF3200F543700AF09BFD32460221FD
:105E600020460AF098FD3A46294620460AF093FD5E
:105E70002046424601210AF08EFD606803685B6996
:105E800003B19847A06800F543700AF001FEB6E739
:105E9000BDE8F081FD090108E9560008950A0108EE
:105EA0004C4C010810B50B4904460AF0A1FE2046EF
:105EB00009490AF09DFE204608490AF099FE20464D
:105EC00007490AF095FE2046064A002100F034FDFD
:105ED000002010BD634C0108A14C0108004D0108D1
:105EE000544D0108EE4D0108F8B517461E460A4606
:105EF000294904460AF07CFE3EB33A7827492046F9
:105F00000AF076FE01256A0703D1254920460AF0EA
:105F10006FFEAE421ED97A5D204920460AF068FE27
:105F20000135102DEFD11F4920460AF061FEB6B9A8
:105F30001B4920460AF05CFE0125AE422B4610D8D4
:105F4000174920460AF054FE16E0174920460AF089
:105F50004FFE0125144920460AF04AFEE0E70025DD
:105F60002B46FA5C114B12499B5C13F0970F08BF4C
:105F70002E2220460AF03CFE0135102D06D06B077C
:105F8000DBD1074920460AF033FED6E7204609490F
:105F9000BDE8F8400AF02CBE044E01086F4101082C
:105FA000774101087941010875410108053C010864
:105FB0002B4E01080B4E01082DE9F0430446806882
:105FC0008846D0F8201389B015461F46002960D1B5
:105FD0004FF44A7204F0E2FFE0680BF03EFCA06868
:105FE00000F543700CF09FFA4FF42F794FF41F76B1
:105FF000A06830440CF05FFDA068002283190121E5
:10600000484410360CF029FDB6F52F7F09F114092C
:10601000EED1A36900261E60A068022100F51E7063
:106020000AF099FCA36850225A87A36818221A879D
:10603000216820460AF006FEA368174A66F3820527
:10604000C3F874526068036841461D682346A84738
:106050000546D0B9A36801221A75D4E90A010022C5
:106060000023CDE906230E230393109B0495CDE96D
:1060700001730094094B4FF4006203F045FBA368E1
:10608000C3F82003616A03F079FA284609B0BDE835
:10609000F0836FF07705F8E7E9090108C15D0008B2
:1060A00013B513460446002200920A4601460748EB
:1060B000FCF7DAFF23691B792BB1204602B0BDE85B
:1060C00010400AF011BE02B010BD00BF010D010862
:1060D0002DE9F04F85B00026DFF8A8A10191074611
:1060E000144699460660B3462378002B00F0C6801C
:1060F0001AF8033013F0080304D004F801BBF3E7E7
:106100000026F1E73A68511C3960019941F82240B4
:106110003A684A4500F0B2801E4621780029E3D053
:10612000A6B90E4623461C46272E04D05C2E20D04E
:10613000222E40F0978020460AF000FE611C0246A5
:10614000204604F0ABFE21780029CDD0B142A04614
:1061500004F101041BD140460AF0F0FD214602463D
:10616000404604F09BFE98F800604446002ED9D1CA
:10617000BAE720460AF0E2FD651C024629462046A1
:1061800004F08CFE66782C46002ECDD1ACE75C295D
:1061900098F80110D8D1B1428C4608D140460AF097
:1061A000CDFD21460246404604F078FEB5E7302991
:1061B00025D10025022218F802C0ACF13000C0B28F
:1061C000072819D8ED000132EDB2052A45EA00058D
:1061D000F1D1511E41444046039202910AF0AEFDB6
:1061E000039A0299023A821A404604F057FE98F840
:1061F000011088F80050A7E7D2B2022AE9D1BCF119
:10620000780F2AD10025022018F80020A2F1300CC6
:106210005FFA8CFCBCF1090F09D82D01EDB24CEAF4
:106220000505022801D00422D3E70320ECE7A2F100
:10623000610CBCF1050F05D82D01EDB2573A15439D
:10624000EDB2EEE7A2F1410CBCF1050F03D82D0130
:10625000EDB2373AF3E7022802D108F1010473E7FF
:106260000322B6E71AF806301B073FF549AF6678F8
:10627000631C002E7FF457AF1C4635E7304605B04F
:10628000BDE8F08F053C010838B50B46154648B906
:106290001449154A521AB3EB920F05D251F8235004
:1062A000284638BD84680CB90025F9E70F4A9442A6
:1062B0000AD30F4A944207D21846226829469047CB
:1062C0002B68002BECD1EFE70A4A944202D30A4A2A
:1062D000944205D3246814225343E518E358F0E7A9
:1062E0000133F8E7A8310108D8310108F03201087C
:1062F000F0320108D8310108F03201082DE9F843E5
:1063000007460AF01BFD054630BBBDE8F88354B1D3
:106310008AB2AA1A013001323944384404F0BEFD71
:106320002C1BA5B244466B1E9E42EEDA3046013667
:106330003B5C19F803301B07B6B2F4D531468BB27B
:106340009D42F0D97B5C19F8038018F00808DED074
:1063500001340131A4B2F2E70026DFF80890344698
:10636000E1E700BF053C0108F8B5846894F85630B1
:1063700005466BB9AB68B3F85020A3F85220F8BDBE
:10638000013A92B2A4F850202AB984F85620F1E7D5
:10639000134E04F15600B4F85020831813F8013C52
:1063A000F35C13F00803EBD183549AB210FA83F133
:1063B00010F802C016F80CC01CF0080F1F4603F1BD
:1063C0000103F2D1BFB2002FD4D0B4F85060731CD7
:1063D0009A1AF61B04F062FDA4F85060CAE700BFE9
:1063E000053C01088368D3F874329B0603D5024943
:1063F00040690AF085BD70471033010801490AF071
:106400007FBD00BF044501080A1E0DDC0ED04223EB
:106410008168D1F87412890608D5002A04494069B8
:10642000B8BF52420AF06CBD4123F1E7704700BF8C
:10643000274E01080A1E0DDC0ED044238168D1F8D6
:106440007412890608D5002A04494069B8BF52422F
:106450000AF056BD4323F1E7704700BF274E0108FD
:106460002DE9F0410C1E064633DA644224B24FF0A7
:10647000FF35DFF86480A4B2AFB214E0B368B3F8BC
:10648000522003F1560CB3F850301146002071B978
:10649000B5F1FF3F00D073B9891A09B230460AF04E
:1064A00099FD013CA4B2002CE8D1BDE8F0818B42FB
:1064B00001D1012DF0D01CF801E018F80EE01EF01B
:1064C000070F04D10028E7D1394489B2DFE7012062
:1064D000FAE70125CDE700BF053C01082DE9F047AB
:1064E0008568DFF86890044605F15600F9F768FE04
:1064F000002395F83C7086B29846A268558FED1B34
:10650000B54209DB002E1FDD563360691049BDE836
:10651000F0471A440AF0F4BC1D442A44563392F85A
:1065200056A082F85680A26860691A4449460AF06B
:10653000E7FCA3682B4483F856A0A3685B8FDB1BA2
:10654000F61A00272B46D8E7BDE8F087EA43010892
:106550002D47010808290A4617D8836893F83E108A
:10656000914212D083F83E208368082AD3F874320F
:1065700005D0990609D5054940690AF0C1BC9B06BA
:1065800003D5034940690AF0BBBC70472E4E010891
:106590001533010838B50D4609780446FFF7DAFFD0
:1065A0006A78072A11D8A36893F83F1091420CD05B
:1065B00083F83F20A368D3F874329B0605D5606941
:1065C0000249BDE838400AF09BBC38BD374E01088F
:1065D000F8B58368B3F850200446002A55D0B3F8C4
:1065E0005210002951D0553103F156050B4418467D
:1065F000A84206D3014611F80169202E3CD0A842DA
:106600003CD286B29DB2AB1B9BB2591C471CD21A1E
:106610000144384604F042FCA268B2F85030711BC5
:1066200013FA81F3A2F85030A368B3F85020134452
:10663000002283F8562009B220460AF0CBFCA3685A
:10664000D3F874329A0603D5104960690AF058FCF1
:106650003B460F4A082120460AF09EFD2046FFF7E0
:10666000C1FEA368D3F874329B060ED56069094950
:10667000BDE8F8400AF044BC0846B9E7014611F805
:106680000169202EBDD00846B9E7F8BD1A330108CC
:106690002D4701081E3301082DE9F84F04460F4627
:1066A00090460AB1FFF79EFEA668D6F87432B6F897
:1066B00052505B0724D505F156003044F9F780FDB0
:1066C0002A4E0546B5B9A368B3F85020A3F8522066
:1066D000A0680AF022FC30B1B8F1000F00D017B169
:1066E0006069FFF78BFE7942204609B2BDE8F84F9A
:1066F0000AF070BC606931460AF002FC013DE1E736
:106700003046F9F75DFDB6F85090738F19FA80F9AD
:1067100015FA80F0B0FBF3F2B9FBF3F39A42AA4604
:106720001BD0134DA3684845CDDA5A8FB0FBF2F366
:1067300002FB1303461C13B96069FFF75FFEA368F1
:106740005344204693F856300AF1010B2A4608219B
:106750000AF022FDDA463046E4E75635054A731959
:10676000082120460AF018FDADE700BF10580108C7
:106770002B4E01082D47010813B583688DF80710CB
:10678000D3F874220446D00725D5B3F85210B3F8D5
:1067900050208A421FD0481CA3F852000B449DF899
:1067A000072083F85620A368D3F87412890710D500
:1067B000D3F8743260690B4913F0040F18BF2A2212
:1067C0000AF09EFB20460AF0BAFB10B16069FFF7A1
:1067D00015FE02B010BD01220DF1070120460AF09E
:1067E000E8FCF6E72B4E010810B504468368094A19
:1067F00002210AF0D1FCA368D3F874329B0707D5B5
:106800002046FFF76BFE2046BDE810400AF0BDBBF6
:1068100010BD00BF2D47010801490AF0ACBE00BF02
:10682000044501082DE9F047054690460E4600292B
:106830005ED0DFF8C0900024335D19F803301A07EA
:106840001ED43046F9F7BCFCAB685A8F80B2001BEF
:10685000A2EB0803984206EB040A13D9514600271D
:1068600011F8010B19F800C01CF0080F02D00A281B
:106870002ED03B4608EB0700824228D90137EFE7CC
:106880000134D9E753460027B84208D16869514618
:106890000AF071FE6869BDE8F047FFF7BDBF13F865
:1068A000012B0A2A11D168690AF01EFA3A465146AC
:1068B00028460AF006FC01343C446869FFF7ACFF47
:1068C00041462846FFF7B6FDBBE70137DCE71F4628
:1068D00068690AF009FA3A46514628460AF0F1FB7F
:1068E0003C44335D19F803301B07E6D50134F8E763
:1068F000BDE8F087053C0108F8B50F46516804462D
:1069000015461E4611B11A46FFF78CFFAB6883B1DE
:1069100031462046FFF78EFD2046064A3B460821B9
:106920000AF03AFCA968F21D2046BDE8F840FFF7DE
:1069300079BFF8BD404E01082DE9F04F894600218E
:106940008BB0044616460D4605AA48464F1CFFF775
:106950009BFC98B97DB126B13246082120460AF049
:106960001BFCDFF8B4A0002105AA484601F1010B89
:10697000FFF78AFC60B90BB0BDE8F08F006810B17A
:10698000F9F71EFC80B2854238BF05463946DBE781
:106990000768BFB13B78ABB146683846F9F710FCE1
:1069A0002023A5EB00088DF813301C4A00975346AE
:1069B000082120461FFA88F80AF0EEFB26BB606922
:1069C000FFF72AFF5946CFE701220DF113012046B8
:1069D00003930AF076FB039B01339AB29045F3D8F8
:1069E0000F4A5346082120460AF0D6FBAB1DB207DA
:1069F0009BB20BD132680B498A4207D132463946E5
:106A00002046FFF779FFDDE70023E6E71A46314627
:106A10002046FFF707FFD5E7594E0108474C01080C
:106A20006A410108C40BD286F7B50F6805460E46C9
:106A3000EFB13846F9F7C4FB84B2114B009308213B
:106A40003B46104A28460AF0A7FB7168E31C9BB23C
:106A500079B18A070DD108680B4A904209D10A46DC
:106A60003168284603B0BDE8F040FFF745BF3C461B
:106A7000E3E71A46284603B0BDE8F040FFF7D2BE70
:106A8000554E0108474C0108C40BD28610B5074982
:106A90000446F9F709FC38B105492046F9F704FC2A
:106AA000B0FA80F0400910BD0120FCE74B4E010810
:106AB0004E4E010810B58368D3F874329B06044625
:106AC00003D5064940690AF069FDA36850225A8738
:106AD000A36818221A87002010BD00BF22330108C6
:106AE00008B5836902491A680AF082F8002008BDD7
:106AF0005C4E01082DE9F3410D490E4C0E4EDFF8B6
:106B00003C8005460AF074F80022B44202F1010705
:106B100003D3002002B0BDE8F081636A0093A3684C
:106B200092B2414628460AF063F830343A46ECE720
:106B30006C4E010878310108A8310108844E010823
:106B400008B502490AF07EF8002008BD0545010895
:106B500073B50E4E04460025A268E0680DF10603E9
:106B600002F5AB7201210AF0C9FDBDF80600A36869
:106B700040B12A4603F5AB73314620460AF038F897
:106B80000135E9E783F8560102B070BD954E010862
:106B900010B504460AF09AF80349024620460AF066
:106BA00027F8002010BD00BF8D490108022907B554
:106BB0000BD15368009312680B4B0C490AF034F860
:106BC0006FF0150003B05DF804FB8368084AD3F842
:106BD0007432084913F0020F074B18BF1A460AF027
:106BE00007F80020EEE700BFA34E0108B84E0108E9
:106BF0009F4E0108C14E01081843010810B5836873
:106C0000D3F874329A06044603D5074940690AF05E
:106C1000C5FCA368D3F874329B0603D503496069A9
:106C20000AF0BCFC002010BD293301082E330108F6
:106C3000F0B5012985B004460AD053680093126864
:106C40005D4B5E4909F0F0FF6FF0150005B0F0BD37
:106C50008368D3F87432990603D5594940690AF01C
:106C60009DFC6FF0F9012046FFF7CEFBFA2120468C
:106C7000FFF7E0FBA06800254FF48072294600F57D
:106C8000AB708DF80B5004F089F94E4960690AF039
:106C900085FC60690AF028F84FF47A76606803682A
:106CA00001221F690DF10B0103ABB847039BEBB940
:106CB000013E4FF47A70B6B20BF0CBFB002EEDD153
:106CC000A368D3F874329B0603D53F4960690AF084
:106CD00065FCA3683D4950225A87A36818222046C4
:106CE0001A8709F093FF6FF00700AFE79DF80B20BC
:106CF000A3681B2A53D093F856111B29CED1522AD0
:106D00004DD15A19002382F85631A66896F85721BA
:106D10005B2A2BD106F25710022510F8011F2A46D4
:106D20003B2905F10105ADB223D1FF2AC8D002F5F8
:106D3000AB7216FA82F1002211F8010F18BB86F827
:106D40005601FA2AA16828BFFA224A87FA2BA268BC
:106D500028BFFA231387A368D3F874329A0603D5A1
:106D6000194960690AF01AFC00206FE786F856316D
:106D7000A6E703EB8303303901EB4301B5F5807FD0
:106D80008BB2CAD19CE7013502EB8202ADB230383A
:106D900000EB4200B5F5807F82B2CDD190E72B4465
:106DA0000135ADB2092D83F856217FF677AFA36880
:106DB000002283F8562183E7A34E0108B84E01084C
:106DC000343301080C4F010838330108D24E010852
:106DD0002DE9F04F074689B01546894621B1104686
:106DE0000AF041FD00285BD1032455E05C463CE0FD
:106DF00029460AF5AB7004F0E7FD0646002854D09A
:106E0000F9F7DEF982B2601C01323146304404F0F9
:106E100045F8224659463046F9F702FC4FF0200368
:106E20003355BAF8543001331C44AAF8544008F1E1
:106E30000108002401994B1C03AA48460193FFF75F
:106E400023FA0646E8B13168002228460AF0DEFE41
:106E50000028EFD1D6F800B0D7F808A0BBF1000F9A
:106E6000C4D05846F9F7ACF984B2BAF85430234488
:106E7000FF2BBDDD0E4A2B46032138460AF08CF964
:106E80000124B8F1000F07D0B8682A4600F1540178
:106E900000F5AB7009F088FF204609B0BDE8F08F1F
:106EA0004FF0000841460224C5E70224E9E700BF8D
:106EB000D45301082DE9F843054600AF0C460029DC
:106EC00048D0DFF8B890D9F800305A0742D06E4663
:106ED0008AB0D1E90001A3686A46DFF8A4C04FF088
:106EE0000508C2E905C0C2E9071342F8108F002364
:106EF0004FF421514846FDF7DDF8D9F800305B0723
:106F0000B54627D08AB0D4E9030163696A46DFF841
:106F100074C0C2E90713C2E905C042F8108F00230C
:106F200048464FF42151FDF7C5F8D9F8003058070D
:106F3000B5460FD0E3690121134A484609F0F1FB39
:106F4000D9F80030590705D0A369104A01214846F5
:106F500009F0E7FB012D0AD1EFF30583074802682A
:106F6000520704D00A4A103B294609F0DAFB2146B1
:106F7000284601F0D5FEBD46BDE8F8835C0C002034
:106F800026540108555401088454010893540108FB
:106F9000C154010830BFFFF7FDBF00BF054B5A6960
:106FA0009B689A421FBF044A536843F08053536062
:106FB000704700BFA023002000ED00E0F8B5374C7B
:106FC00023685B0706460D4603D0354920460AF084
:106FD0009AFC344B9B6ADF0451D52368580703D0D1
:106FE00031492E480AF08FFC17202E4B9B6A190559
:106FF00007D523685A0703D02C4928480AF083FC98
:107000001820284FBB6A9B0519D52368580703D061
:10701000274922480AF077FCBB6BBA6A11040DD5E8
:107020002268520704D0234A1C48012109F079FB49
:1070300026B11C4A936A23F4004393621920194B2A
:107040009B6A5B0507D523685F0703D01A4913487D
:107050000AF059FC1A20134B9A6AD60511D52368F9
:10706000590703D015490D480AF04DFC1B200D4A65
:10707000936A43F47F43936200232B70F8BD16207C
:10708000B3E79B6A9A04F2D523685B0703D00C49E7
:1070900002480AF038FC1C20E9E700BF5C0C002025
:1070A000D454010800ED00E0EA540108FB54010843
:1070B0000E550108275501083C5501085755010890
:1070C0006F55010810B52D4C23685A0703D02C4981
:1070D00020460AF018FC2B4B9B6A9B014BD523687A
:1070E000580703D0284925480AF00DFC1E20254BDF
:1070F0009B6AD90107D523685A0703D023491F4843
:107100000AF001FC1F201F4B9B6A1B0307D5236855
:10711000580703D01E4919480AF0F5FB2120194BE6
:107120009B6A590307D523685A0703D019491348A6
:107130000AF0E9FB2220134B9B6A9B0307D52368C7
:10714000590703D014490D480AF0DDFB23200D4BED
:107150009B6ADA0307D523685B0703D00F4907480A
:107160000AF0D1FB2420074A936A6FEA03436FEACF
:107170001343936210BD1D20B9E700BF5C0C0020D3
:107180009E55010800ED00E0B6550108C9550108FB
:10719000E35501080156010826560108405601082A
:1071A0002DE9F047454D2B6889465907804617461B
:1071B00003D0434928460AF0A6FB424B9B6ADA06F5
:1071C00039D52B685B0703D03F493C480AF09BFB4D
:1071D00011243C4B9B6A1E0707D52B68580703D028
:1071E0003A4936480AF08FFB1224DFF8D8A0DAF8C3
:1071F0002830990721D52B685A0703D034492F48E6
:107200000AF081FBDAF83460DAF828301B0651D531
:107210002B685C0705D02F4A28483346012109F026
:1072200080FAB9F1000F04D0264A936A23F0800354
:107230009362132403E01024CBE76FF01506214B73
:107240009B6AD80707D52B68590703D022491B48EA
:107250000AF059FB14241B4B9B6A9A0607D52B682E
:107260005B0703D01D4915480AF04DFB1524154B4B
:107270009A6AD50602D49A6A90070AD55B681905FE
:1072800007D54146304600F029FA10B180F309884D
:1072900002240C4B9A6A920642BF5A6A22F40052A8
:1072A0005A629A6A42F0FF029A6200233B702046BB
:1072B000BDE8F0876FF01506BBE700BF5C0C00204F
:1072C0006B56010800ED00E081560108FB540108EF
:1072D000B4560108CC560108E25601086F55010862
:1072E0002DE9F041744B8AB0D3F8048000AF044616
:1072F000C8F30806002585F31188BFF36F8F02F0ED
:107300007F43B3F17F4F0AD102F00C03082B15D154
:107310006A480368590702D069490AF0F4FA00255F
:107320002C460023FB71F31E092B00F29F80DFE83F
:1073300003F00A91948D9D9D9D9D9D9712074CBFD2
:107340000C460125EDE75D4E33685B0703D05D49D0
:1073500030460AF0D8FA0023FB71574BDA6A9007DF
:1073600008D53368590703D0574954480AF0CBFA77
:1073700000233CE0DA6A002A04DA33685A07F7D0BF
:107380005249F2E7DB6A5B00F2D53368580703D055
:107390004F494A480AF0B7FA474BA1695A6942F483
:1073A00080725A61BFF34F8FBFF36F8F5A6931F804
:1073B000021C22F480725A61BFF34F8FBFF36F8FAC
:1073C0004DF60272914208D09A6AD2B28AB3FA1D7F
:1073D00001212046FFF7E4FE3AE03368590705D063
:1073E00023683C4A3548012109F09BF92368FA7962
:1073F000DAB907F1080604F1200C2068616832460A
:1074000003C2083464451646F7D17A6A002D4DD080
:10741000C2F3080121B96FEA52226FEA42227A626E
:1074200007F108011846FFF745FD2837BD46BDE8BE
:10743000F0819A6A12F47F4F04D0F91D0120FFF702
:10744000BDFD05E09B6AB3F5803F91D3FFF73AFE9F
:107450000346CCE7FA1D0021BBE7F91D0020EEE74B
:10746000164803685A0783D01B497FE7134803680F
:107470005B073FF47DAF194A194B18F4F87FE846D3
:107480008AB018BF13466A461649C2E905134FF47D
:1074900000731384103E144BD66142F8103F002352
:1074A0004FF41151FCF706FEC54661E722F4FF7266
:1074B00022F00102B3E700BF00ED00E05C0C002009
:1074C0002F5701085A5701087157010892570108B0
:1074D000A0570108BF570108DB57010816570108DC
:1074E00001570108FF57010804000001044B5A69C5
:1074F00042F010025A615A6922F008025A6170473C
:1075000000ED00E0EFF30880EFF3098101B572466A
:10751000FFF7E6FE01BD00BF0E4880F3088810208B
:1075200080F311880C484FF0AA014FF404620AF06E
:10753000C9FF09484FF40461401880F30988EFF34C
:1075400014800221084380F31488BFF36F8F00F08A
:107550008DF80000803D0020C02F0020084B9B6864
:1075600083420BD1EFF3058343B1064B5A6842F0D7
:1075700080525A605A6A22F400425A6202F026BCD3
:10758000A023002000ED00E013498A684FF030008E
:107590001044EFF3098C80E8F01F102080F312886C
:1075A000BFF36F8F0D4F4FF000664A698A603E60EF
:1075B000D2F8AC000023C2F8AC3080F3118804B5D7
:1075C000104600F0EDF8BDE8044002F1300090E80C
:1075D000F01F8CF309887047A023002004ED00E021
:1075E0001EF0040F0CBFEFF30880EFF309808169F0
:1075F00011F8021C0229FFD001B572460AF078F991
:1076000001BD00BF40B2002807DB044A4109012345
:1076100000F01F00834042F82130704700E100E095
:1076200040B20028A8BF00F1604001F10101B8BFDD
:10763000064B4FEA0111ACBF00F5614000F00F00AE
:10764000C9B2B4BF195480F80013704714ED00E0BC
:10765000044B054A23F07F039360BFF34F8FBFF3C2
:107660006F8F70470000000800ED00E008B5FFF7DD
:10767000EFFF0B4AD2F8883023F47003C2F8883049
:10768000EFF3148323F0040383F31488BFF36F8FA5
:1076900001F046FC02F02EFD00F058F801F088FCE5
:1076A00000ED00E042F8203C009B42F81C3C0A49F7
:1076B000019B42F8183C029B42F8143C21F0010166
:1076C0004FF0807342F8043C42F8081C0023203A33
:1076D0000265C0F8AC307047D1FE00080A4A034684
:1076E000906878B113F1160FD0F89C0005D0A0F186
:1076F00040029A4205D8834203D2814228BF00202B
:1077000070470020704700BFA023002008B50B4B36
:107710000E461546986000F043F82C4686F309881B
:107720000020044B98472046002100220023024CF1
:107730002047000017190108D1FE0008A0230020EF
:10774000014B10221A61704700ED00E0044800234D
:107750001021C2180133522B82F80013F9D170475F
:1077600000E100E008B5EFF30583064A103B02EBA9
:10777000C30152F8330049688847BDE80840FFF765
:107780000DBC00BF8C2D0108024B034A03480121A8
:1077900000F092B8008001200000002008390108A4
:1077A000D0F89C20054B403A1A60054A4021C3E9B5
:1077B00001121846012100F089B800BF08210020FD
:1077C00000000B1508B503461148D0F89020C2F30D
:1077D0000722013A93420AD90E480268520703D0A1
:1077E0000D4A012108F09DFF6FF0150008BDC0F89B
:1077F00098300A6822F01F021A4342F01002C0F8C3
:107800009C208A6842F00102C0F8A0201846EDE7EB
:1078100000ED00E0580C002016580108F0B50E46A7
:1078200085B01F4604460025B54210DA606828B3CB
:10783000AFB1431E18420DD0124803685B0704D055
:10784000114A2B46012108F06CFF6FF0150210461B
:1078500005B0F0BD1F28EFD921680B42ECD1236899
:1078600001930AF06CF8A36801A90343D0B2039313
:10787000FFF7A8FF10F1160FE7D0421C01350C34BA
:10788000D2E700BF580C00203C580108044B0522E9
:10789000C3F89420BFF34F8FBFF36F8F704700BFC3
:1078A00000ED00E0BFF35F8F024B0022C3F894208D
:1078B000704700BF00ED00E010B5034C01232278B3
:1078C000FFF7ACFF207010BD3624002008B50B4A2E
:1078D00000231278FFF7A2FF10F1160F07D0084A15
:1078E0000021D2F89030C3F30723984200DB08BD93
:1078F000C2F89800C2F8A0100130F2E73624002048
:1079000000ED00E02DE9F04357485849D0F8903099
:107910000D68C3F307239D4285B000F2A180FFF7F5
:10792000C1FF49680022954201F10C011AD1504C67
:10793000504F25706846FCF779FEDFF83C81DFF890
:107940003C9106460025AE421FD1237846490020CF
:10795000D1F89020C2F3072293427BDBFFF796FF1A
:1079600000204CE0C0F8982051F80C3C23F01F0395
:10797000134343F01003C0F89C3051F8043C43F02B
:107980000103C0F8A0300132CDE7009800EB0511EB
:107990004FEA051CCB683B40B3F5000F44D00AD832
:1079A000B3F5001F2ED0B3F5800F34D0B3F5801F90
:1079B00010D00135C7E7B3F1807F3ED0B3F1007F2F
:1079C000F7D150F80C3088684A6809F0B8FF40F4E5
:1079D000802009E050F80C3088684A6809F0AFFF51
:1079E00040F0885040F43020039001A92078CDE980
:1079F0000123FFF7E7FE002828DA6FF0150005B035
:107A0000BDE8F08350F80C3088684A6809F097FFA9
:107A100040EA0800E8E750F80C3088684A6809F046
:107A20008EFF40EA0900DFE750F80C3088684A68AA
:107A300009F085FF40F08270D6E750F80C30886876
:107A40004A6809F07CFF40F08870CDE72378013365
:107A50002370AEE7C1F89830C1F8A000013377E792
:107A60004FF0FF30CBE700BF00ED00E01439010814
:107A7000362400200000F0FF00000811000002067C
:107A8000014B1860704700BFD4090020F8B50A4FB9
:107A90000D46461EC0F10104A3199D4201DC284693
:107AA000F8BD73780A2B02D13B680D2098473B68DC
:107AB00016F8010F9847EFE7D409002010B5074CDE
:107AC0002368C2180648C0F1005101F5C0318A424E
:107AD0003ABF2260C0184FF0FF3010BD14210020C3
:107AE0000046002008B5054808F0D8F9002383F3C4
:107AF0001188BFF36F8F0423184602DF6E58010808
:107B000038B5084C002520460AF00DFD04F114009C
:107B100001350AF044FD052D04F12404F3D10020C1
:107B200038BD00BF182100200B0706D5034B1B5C96
:107B300003F00303012B08BF20307047053C010808
:107B400008B500F0B7F80A4941610A490122C0E9C5
:107B500000220A6008490A60084A00231360084AA4
:107B600003611360C0E90233064A136008BD00BF19
:107B700005450108F4090020F0090020D421002067
:107B8000D0210020CC2100202DE9F04107460E46EF
:107B9000154600F08FF8C36804461BB943691A788C
:107BA000002A41D10023E3606368BB4256F82320DA
:107BB00008DB324B6361204600F062F84FF0FF3083
:107BC000BDE8F081511C616192F80080B8F12D0F81
:107BD000EFD1911C61615178A1602D2904D1927877
:107BE0006AB901336360E4E749B9244B63614146F4
:107BF000284603F04BFC0028DDD0C4F80880D4F8F8
:107C000008802846414603F041FCB8F13A0F636909
:107C100000D070B91B7813B96368013363602046E4
:107C200000F02EF83F20CBE75A1C42611B7883609E
:107C3000E5E742783A2A0BD0002222611B7813B97B
:107C4000636801336360204600F01AF8A068B7E764
:107C500018786268094928B901329742626004DDE8
:107C600056F82230C4E90431EAE761612D783A2DF3
:107C70002046D5D100F004F82846A1E705450108C3
:107C8000074B02681A60074B42681A60064B82680D
:107C90001A60064BC2681A60054B02691A60704789
:107CA000F4090020F0090020D4210020D021002078
:107CB000CC21002000487047D809002038B5064D77
:107CC0000024284601340AF06AFC052C05F10C0555
:107CD000F7D1002038BD00BFD821002038B5064DAF
:107CE0000024284601340AF01EFC052C05F1140579
:107CF000F7D1002038BD00BF142200200A4B0B4AE8
:107D000030B51C460025191BB1F5707F01D9002044
:107D100030BD506803F1C001C3E930200160F03389
:107D200003F8085C5160EEE770150020F8090020A8
:107D30002DE9F0410F4E104F054600244FF0010889
:107D40002A781319DBB208FA03F0736930EA0303E7
:107D500009D152FA84F3706157F833201AB107EB56
:107D6000C303596890476A780134E3B29A42E7D274
:107D7000BDE8F0810004014078220020044B184443
:107D800000230133994200F8012BFADC704700BF51
:107D9000D00B002007B5062201210020FFF7EEFFDF
:107DA000002211460620FFF73BFC0121084607226E
:107DB000FFF7E4FF002211460720FFF731FC0822FD
:107DC00001210220FFF7DAFF002211460820FFF709
:107DD00027FC092201210320FFF7D0FF00221146D2
:107DE0000920FFF71DFC0A2201210420FFF7C6FF2E
:107DF000002211460A20FFF713FC0521084617222E
:107E0000FFF7BCFF002211461720FFF709FC2822CC
:107E100006210A20FFF7B2FF002211462820FFF7B3
:107E2000FFFB012307486022CDE9002383681B681C
:107E300023B16946984703B05DF804FB6FF0570023
:107E4000F9E700BFB82B0108034660B1B0FA80F231
:107E5000C2F11F02D2B205498856054A11680B4388
:107E60001360FFF7CFBBFF22F5E700BFD00B002068
:107E700000040140024A136823EA000313607047BC
:107E800000040140032921D8DFE801F0020C101999
:107E90000F4B9A6822EA00029A60DA6822EA00022E
:107EA000DA6070470A4B9A680243F5E7084BDA68D4
:107EB0000243DA609A6822EA00029A607047044B33
:107EC0009A6802439A60DA681043D860704700BF2E
:107ED0000004014030B5B0B1B0FA80F3C3F11F0324
:107EE000DBB20B4850F833408C4204D100EBC305A1
:107EF0006D68954205D044B940F8331000EBC300DB
:107F00004260002030BDFF23EBE76FF00F00F9E780
:107F10007822002060B1B0FA80F3C3F11F03DBB216
:107F2000044A002142F8331002EBC302516070474B
:107F3000FF23F5E77822002000F0030204329200CC
:107F40000F23934043EA900000F003030233064AF4
:107F500052F82320030C02EA104093FAA3F3B3FA79
:107F600083F3D840704700BF00000140024B1868FF
:107F7000C0F38020704700BF0010024038B5088869
:107F8000314B1446C0F30B02072A1B680D4602D082
:107F90000A2A20D812B96FF085002CE0501E09285B
:107FA000F9D801A252F820F0EB7F000835800008D4
:107FB000D17F000821800008977F000825800008F5
:107FC000977F0008F97F00080980000815800008E5
:107FD0004FF4FA4309E002F6B870C0F30B0018281A
:107FE000D9D81A4AC240D207D5D523602A68B2F53B
:107FF000805F22D2002038BD00F0F0F81423434304
:108000000722B3FBF2F3F0E700F0E8F81423434350
:108010005B08EAE700F0E2F8142343439B08E4E737
:108020000B4BE2E70B4B0C4A1B68C3F3031352F8EC
:108030002330DAE74FF40043D7E7C2F313320132BB
:10804000B3FBF2F32360D5E7400A002011011101D0
:108050000024F400001002405C3B0108F8B55B4FBF
:108060005B4C00F0D1F8384609F0A6FE00F090FD18
:10807000A368584AC3F303131578D35C47FA05F590
:1080800020FA03F6AE4202D2284600F0CFFDFFF7F9
:108090006DFF012807D0236843F480732360FFF746
:1080A00065FF0128FBD1236843F0080323602368A0
:1080B00023F0F00343F0B0032360236843F004038C
:1080C0002360636823F47F43636023689A0706D4C0
:1080D000236843F00103236023689B07FCD5D4F891
:1080E000943043F00103C4F89430D4F894309807E6
:1080F000FBD5FBF7F1FBD4F8903043F00103C4F853
:108100009030D4F890309907FBD5FBF703FCA368B7
:1081100003F00C030C2B1AD1FFF728FF012807D01E
:10812000236843F480732360FFF720FF0128FBD10D
:10813000A36823F0030343F00103A360A36803F0E3
:108140000C03042BFAD1A36823F0F003A360236887
:1081500023F08073236023689A01FCD4E36823F43E
:108160000033E360E36843F48033E360E36823F4BF
:10817000C003E360E36843F48013E36000F032F887
:10818000236843F08073236023689B01FCD5A368B8
:1081900023F0F003A360A36843F00303A360A36884
:1081A00003F00C030C2BFAD1AE4202D3284600F0A8
:1081B0003DFD094B1F60A36823F4E063A360A3683F
:1081C00023F46053A3600020F8BD00BF00B4C404D2
:1081D00000100240D15A0108400A002000487047B0
:1081E0000024F400054B0649DA681140054A0A43A9
:1081F000DA60DA6842F08072DA607047001002409C
:108200008C80FFF902140002064B9A6D42F08052F6
:108210009A659B6D82B003F080530193019B02B07D
:10822000704700BF0010024008B507480AF020F967
:1082300038B10648FFF724FC0448FAF74DFD00204A
:1082400008BD6FF01200FBE7682D0108518200089D
:108250000A2838B5074D044604D1AB680D215B6888
:1082600028469847AB6803485B68E1B298472046C8
:1082700038BD00BF682D01082DE9F843D0F804800F
:10828000D0F81090D8F8080017460D461E4609F0A1
:10829000E8FCB7F5001F044616D12846D8F8084078
:1082A000FFF74AFE84420CD1294609F0DAFC044665
:1082B000FFF7E0FD2046FFF72DFE00212046FFF7E7
:1082C000E1FD0020BDE8F883B7F5800F20D0B6F1BE
:1082D000806F19D0B6F1C06F18D0B6F1007F1AD1F7
:1082E000022610494A462046FFF7F4FDB0B9D8F8F7
:1082F0000810284609F0B8FC20463146FFF7C2FDB9
:108300002046FFF7A1FDDCE70126EAE70326E8E7C0
:108310006FF08500D6E76FF01500D3E76FF00F0020
:10832000D0E700BF3720010838B50369044658601C
:108330000C4D28460AF09CF888B10B4A536843F468
:1083400000735360AB6861681B680C3123B1284629
:10835000984700EAE07038BD6FF05700F9E76FF01A
:108360001200F8E7B82B0108007000402DE9F04733
:108370001E4F044600EBC1060025B44201D1002087
:1083800014E02068C30600F01F0911D4656845F0A9
:108390002005C0F3481AC0F34420102823D857F80A
:1083A0002080B8F1000F0DD16FF01200BDE8F0870A
:1083B000B9F1100F04D0B9F1110FEAD16568E8E7FF
:1083C0003025E6E740460AF053F80028ECD04B464B
:1083D0002A460AF00F01404609F043FE002804F146
:1083E0000804CADAE2E76FF01500DFE74C3A01084B
:1083F00043681B6803F1080252E8002F42F00102B3
:1084000003F1080040E800210029F3D10F4A93420C
:108410000FD0A2F5744293420BD002F580629342D2
:1084200007D002F58062934203D002F58062934246
:1084300003D15A6842F040025A6053E8002F42F4D8
:10844000807243E800210029F7D1704700380140CD
:1084500043681B6803F1080252E8002F22F0010272
:1084600003F1080040E800210029F3D10F4A9342AC
:108470000FD0A2F5744293420BD002F58062934272
:1084800007D002F58062934203D002F580629342E6
:1084900003D15A6822F040025A6053E8002F22F4B8
:1084A000807243E800210029F7D17047003801406D
:1084B000044803685B0703D0034A012108F028B988
:1084C000704700BF900C0020E0590108F8B503691F
:1084D0000C465D6823794168012B16D09F1E7E42B1
:1084E0007E41B6026279022A9CBF454F37F812706E
:1084F000A27988BF4FF40057022A09D0042A2FD04E
:10850000003B18BF01231B0306E04FF4C066E9E7F8
:10851000B3FA83F35B091B07E2790968012A14BFE8
:108520004FF0000C4FF4407CA5421CD10A6822F0A9
:10853000805222F4B05232431A430A604B6823F44B
:1085400040533B434B6043681A68936823F440737D
:1085500043EA0C0393602968BDE8F84009F0D0BEF7
:108560004FF48053D8E7D1F800E00EF4C06E7645A2
:108570001FBFD1F800E02EF4C06E4EEA06060E6072
:1085800041680E68716801F440518F421FBF7168E5
:1085900021F440513943716041680E68316801F03F
:1085A00010218B421FBF316821F010210B43336033
:1085B000436819688B6803F440739C451FBF8B6840
:1085C00023F4407343EA0C038B6043681B6899688B
:1085D000490405D5032A09D09A6822F4804204E0B0
:1085E000032A03D19A6842F480429A6021682B687A
:1085F000994203D009F084FE23682B60F8BD00BFC8
:10860000BA3E01082DE9F04383B004694668054687
:108610007448206000AF09F02BFF70B972480368FE
:10862000590703D0714A012108F072F86FF0120463
:1086300020460C37BD46BDE8F0832068F1688368AA
:108640001B685BB9684803685A0702D16FF057048A
:10865000EEE7674A012108F05BF8F7E79847044620
:1086600020BB306A3A1D002109F010FD041EDFDB3B
:108670007B68002219791868FFF778FE041ED7DBA3
:10868000D5F804802B69D8F80040D3F8049023680B
:1086900023F001032360D8F8040009F0E9FE80B953
:1086A000514803685C07C1D0524ABCE74E48036892
:1086B0005B0703D04E4A012108F02AF8002CB7DBF3
:1086C000CFE7D8E901018368DB6803B1984754E834
:1086D000003F43F00C0344E80032002AF7D149463A
:1086E0002846FFF7F3FE98F814301BB1A36843F057
:1086F0000803A36098F815301BB1636843F4004386
:10870000636098F816301BB1636843F4803363608C
:1087100098F817301BB1636843F40033636098F82E
:108720001830002B4ED0344B9C422ED0A3F574430E
:108730009C422AD003F580639C4226D003F58063D7
:108740009C4222D003F580639C421ED003F5405327
:108750009C421AD024480368590702D16FF01504CF
:1087600066E76C4688B02B686A462449C2E905135F
:108770004FF400739383224B42F8103F00234FF4D1
:10878000E251FBF797FCA546E8E76B681A68936827
:1087900043F480439360236898F8192023F078739A
:1087A00043EA42532360236898F81A2023F4F8130D
:1087B00043EA0243236098F81B301BB1A36843F4DB
:1087C0000043A360236843F001032360E3699A0236
:1087D000FCD5E3695B02FCD5736A28469847002400
:1087E00026E700BFB82B0108900C00200E5A0108A4
:1087F0002D5A01084D5A010800380140685A0108F5
:1088000003000001F8B5436891F805E01C680369AE
:10881000024608795D688B7901280E461CD1BEF1AD
:10882000020F68D9022B1F464FF4C0614FF4005C61
:1088300079D0042B72D020B1C31E012B70D94FF414
:108840008050BCF5805F78D0BCF5405F77D0BCF13C
:10885000000F1CD101231BE002280AD1BEF1020F38
:1088600055D9022B1F464FF480610BD04FF4005CAA
:10887000DFE7BEF1020F4DD9022B1F464CD1002875
:1088800057D00021C31E012B4AD900200227032301
:10889000734545D109F045FCB84241D1F379C3B1E4
:1088A000012B4ED1284B9C4213D0A3F574439C421C
:1088B0000FD003F580639C420BD003F580639C428C
:1088C00007D003F580639C4203D003F540539C42DC
:1088D00026D1236823F00103236031461046FFF7B9
:1088E000F5FD236843F00103236096E8030085E863
:1088F00003000020F8BD4FF4C061144F022B37F87D
:108900001EC01F4695D170B94FF0805099E74FF4C3
:108910008061F2E70021F0E70021A7E700288ED070
:108920006FF08500E6E7C31E012BF9D9022700206E
:1089300087E701464FF08050A9E70023A8E702230C
:10894000A6E7032BAED0EBE700380140BA3E0108A2
:1089500010B54FF0E0230F499C691A6908689B69BC
:108960000D4902F4803234B993B903464AB90A6812
:108970001044C01A10BD002B08BF03460AB9A34219
:10898000F5D90A6802440A604FF0E0221269EEE766
:108990000446F3E79C230020982300200A4B102272
:1089A00083F82320094B4FF4FA521A60084B002039
:1089B00018604FF0E02341F63F725A6198611A69DE
:1089C00042F007021A61704700ED00E09C2300208E
:1089D00098230020684620F007018D4619B5FFF75F
:1089E000B7FF114B1149D3E900420868001942F161
:1089F0000002C3E900020E4A00230B60D2E90041E5
:108A00004FF4FA53001BB0FBF3F043431B1941F141
:108A10000001C2E9003101F047FCFEF7BFFABDE8F2
:108A200019408546704700BF281A0020982300206F
:108A3000201A00202DE9F041DFF8DC8099B1421CBA
:108A40000BD14FF0E022136923F0010313614FF0C3
:108A50007F43C8F80030BDE8F081D8F800600128F5
:108A600007DC00270BE0431CD8F80060F7D14FF477
:108A7000036040F631039842A8BF1846471EEFF343
:108A80001185102383F31288BFF36F8FFFF760FF08
:108A9000224C4FF0E0239969D4E90023801843F178
:108AA0000003C4E900031E4B00221A601D4B1A6824
:108AB000831A2ED44FF4FA5C0CFB073303F5F953F9
:108AC0001F33B3FBFCF7131A0CFB0733B3F5806FAE
:108AD000154A38BF4FF48063934228BF13464FF0C6
:108AE000E022C8F80030013B906953610023936194
:108AF0008142A1EB0003D4E9001238BF9B195B1837
:108B000042F10002C4E9003285F31188BFF36F8F90
:108B1000A1E74FF48063E2E79C230020281A00209D
:108B200098230020201A002000DCFF0038B5EFF366
:108B30001185102383F31288BFF36F8F084B1C68D5
:108B4000084B1B68E41AFFF703FF85F31188BFF396
:108B50006F8F4FF4FA532044B0FBF3F038BD00BFE1
:108B6000281A0020201A002038B5EFF311851023B1
:108B700083F31288BFF36F8F044B1C68FFF7E8FE86
:108B800085F31188BFF36F8F204438BD281A002069
:108B9000224B9A68D96812F00C0205D00C2A15D124
:108BA00001F00301012918D119681D48090755BFB3
:108BB000D3F894101968C1F30321C1F3031150F8DD
:108BC000210012B10C2A09D000207047042A22D0BB
:108BD000082A144818BF002070470020DA6802F005
:108BE0000302022A15D00F49032A08BF0846D96894
:108BF000DA68C2F306224243D868C0F34160C1F389
:108C00000211013001314000B2FBF1F2B2FBF0F091
:108C100070470548EBE70448704700BF001002406A
:108C20005C3B010800127A000024F4001F4B421E36
:108C30009A4201D9012070471D4B1B6803F4C063A1
:108C4000B3F5007F0FD11B4B98421AD81A4B9842AC
:108C500027D81A4B984226D8194B984294BF002324
:108C60000123002011E0174B98420CD8A3F5F40320
:108C7000A3F59053984214D8134B984213D8134B32
:108C8000EBE70423EDE70023012011490A6822F0F5
:108C900007021A430A600A6802F007029342C9D128
:108CA00070470323DDE70223DBE700BFFFB3C40403
:108CB000007000400090D003006CDC020048E80126
:108CC0000024F40080BA8C01001BB700808D5B008B
:108CD00000200240034A044B02609B1A2420B3FB8D
:108CE000F0F07047B82B01088C2D0108014B9868F3
:108CF00098307047A023002010B50446FBF738F8E1
:108D0000054803685B0703D0044A012107F000FD12
:108D1000204609F0B8FB00BF5C0C0020E15A0108B6
:108D20002DE9F047044600AF0D46EFF311891023FB
:108D300083F31288BFF36F8FDFF8CC80334AD8F803
:108D40000030966859075BD0042898BF304B117CDF
:108D500094BF53F820302F4BEA468AB06A462E481B
:108D6000C2E9073140F2013393842C4BC2E9050478
:108D700042F8103F244800234FF43151FBF79AF991
:108D8000D54665B1EB69D8F80020C3F3080333B1C9
:108D900052071ED0224A1C48012107F0B9FCD8F81E
:108DA00000305B0715D016BB1E48E8468AB06A46FD
:108DB0001D4BD061C2E9053640F2013313841B4BD1
:108DC00042F8103F104800234FF41151FBF772F99D
:108DD000C54629462046FFF78FFF89F31188BFF368
:108DE0006F8F3046FEF7BAFBBD46BDE8F0873046D0
:108DF00009F0DFFB0028D7D00378002BD4D0D4E7CC
:108E0000002DBFD1E5E700BF5C0C0020A0230020AF
:108E10008C3B0108F05A0108065B010805000001BF
:108E20002E5B0108FE5A01084F5B01080400000197
:108E300038B50A4B53F82040013053F82050A54272
:108E400000D838BD606830B1037FDB0701D409F07A
:108E500022FB0834F3E723689847FAE7A03B0108B0
:108E600070B52A4B2A4C2B4D012286B003201A7074
:108E7000FFF7DEFF01F006FC0420FFF7D9FF2646CE
:108E8000AE4204F1300410D300F0A6FE204C224E76
:108E9000AC4226D300F0B4FEF9F778FA1F4A137BF0
:108EA00023F00103137306B070BD54F80C3C059316
:108EB00054F8103C049354F8143C039354F8183CB1
:108EC000029354F81C3C019354F8203C009354E95D
:108ED0000A2354E90C0100F0A3FB54F8303C5E6512
:108EE000CDE7D4E90A23B3F1FF3F08BFB2F1FF3F5A
:108EF00005D052EA0301206803D100F03DFF303471
:108F0000C6E73146183001F03FF9F8E73724002072
:108F10001C3001081C300108C7260108E81A00208F
:108F200008B50348034A0021121A09F0CBFA08BD1C
:108F3000F00C00203C24002070B5174E174D184946
:108F400086B0B82303FB0066164B059301220F235E
:108F5000CDE903320023CDE90133142303FB00558F
:108F600004464FF4C07000FB04110F4B00954FF402
:108F7000A072304600F054FB737B0C4AEE6023F085
:108F8000040373734FF4046304FB033313442C741E
:108F90006B6006B070BD00BF301A0020A023002017
:108FA00000380020B15B010801250108C02F002016
:108FB000BFB50020FFF73CFF2A4B83F308882A4CFB
:108FC0002A4F636943F4007363610025F02384F83A
:108FD0002230E57725766576A57684F82050636A99
:108FE00043F4E0236362FEF781FAFEF7A9FB4FF03A
:108FF000FF33A362E362FEF785FCFEF7C5FBFAF7D9
:10900000FDFD1B481B4C00F0ABFB09F030FAFAF7F2
:10901000B5FC0120FFF70CFF0220FFF709FF00F06D
:1090200023FE154B15495C61154B05930123CDE9D2
:1090300003534FF480623B46CDE90155009520462D
:1090400000F0EEFA627B064622F0040220466273CC
:1090500009F0FCFA2846FFF76FFF3A4631462046F2
:10906000FEF754FB0038002000ED00E0618E0008A0
:10907000A01B0020E81A0020A02300208039002037
:109080009E40010838B5064C064D0020AC4200D386
:1090900038BD204609F01AFA0028F9DB1C34F5E740
:1090A000980C0020980C00202DE9F3410446174647
:1090B0001E46EFF31188102383F31288BFF36F8FDE
:1090C000C368334A7BB180689168884219D057EAF7
:1090D000060318D188F31188BFF36F8F6FF00F006C
:1090E00002B0BDE8F081916891F90E102161013361
:1090F000E3609368A36088F31188BFF36F8F00204B
:10910000EEE72169F2E791F90E1090F90E309942DD
:10911000A8BF19466FF07E029142B8BF11468B423C
:109120002DDD09F0F8F90546CDE90076194822460B
:10913000414600F079FC0028E1D0EFF311861023BE
:1091400083F31288BFF36F8FA068D0B123682169C1
:109150009C420AD04BB193F90E309942A8BF1946F0
:109160006FF07E039942B8BF194609F0D4F940B1B7
:109170000848314600F0ECFC6FF00A00B0E700252B
:10918000D2E7002DF4D186F31188BFF36F8FF3E798
:10919000A023002038240020F8B583680546002B62
:1091A00040D0234A926893423FD1C368012B03D930
:1091B000013BC3600020F8BDEFF31187102383F358
:1091C0001288BFF36F8F0169806809F0A4F92C68D9
:1091D000AC4207D10023C5E9023387F31188BFF3FE
:1091E0006F8FE7E7002CF5D0D4E9003213605A60A6
:1091F000637B002623F002036373C4E90066A66064
:1092000004F1180009F0E3FAAC6094F90E302B6118
:109210002046C4F8B06009F019FA0648394600F053
:1092200097FCC7E76FF01500C5E74FF0FF30C2E7C6
:10923000A02300203824002070B5EFF311861023FE
:1092400083F31288BFF36F8F0468A0421BD0D4B1A0
:10925000D4E9003213605A60637B002523F00203D7
:10926000C4E900556373A56004F1180009F0AFFA72
:10927000C4F8B050204609F0E9F931460A48BDE883
:10928000704000F065BCD0E902329A4218BF013349
:1092900083600221103009F0EFFB0028EDD186F346
:1092A0001188BFF36F8F70BD3824002013B5EFF322
:1092B0001181102484F31288BFF36F8F846844B146
:1092C000013C846081F31188BFF36F8F002002B0EE
:1092D00010BD52EA030406D181F31188BFF36F8FEA
:1092E0006FF00F00F3E7CDE900230246014800F0DC
:1092F0009BFBECE7382400202DE9FF414F4E04464C
:109300001027EFF3118887F31288BFF36F8FD4F81B
:10931000BC50F5B9022104F1D40009F01BF9002872
:1093200068D004F1CC0500220121284609F015FA85
:109330000028F8D1002302934FF0FF324FF0FF33A3
:10934000CDE90023414604F1C4023D4800F0DEFDB2
:10935000D7E7D4F8C0202B68C4F8BC30954208BFCA
:10936000C4F8C030D4F8D43043F00203C4F8D43089
:10937000EB6823F0040343F00103EB606B6888F3B0
:109380001188BFF36F8F28469847EFF3118887F352
:109390001288BFF36F8FEB68D80623F0010236D432
:1093A000EA60EB689A0716D5306823F00203EB6099
:1093B00088B10368002170B14268954235D10368D5
:1093C00069BB72683360824200D17360002340F849
:1093D000083BFFF731FFD4F8D43023F00203C4F880
:1093E000D43088F31188BFF36F8FDB0589D400F088
:1093F00043FC86E7D4F8D430D9069BD5C4F8D40012
:1094000088F31188BFF36F8F04B0BDE8F08123F0BB
:109410001103EB6005F11000FFF70EFFC1E70B60D1
:109420007368834208BF7160D0E723B11A680146B0
:1094300018461346BFE71A46F9E700BFC4230020C9
:1094400038240020F8B5C3689A0704460F46C3F3D2
:1094500040062ED45B071CD40B680BB983680B60E5
:10946000E368DD0744BFA3683B603D684CBF02264C
:109470000126002D3CD0204B9A68D5F8B8309A428E
:109480000AD0D5F8D430D807C3F3800214D46FF0D3
:10949000120600233B6025E009F085F8D5F8D430AA
:1094A0000028F0D1D907C3F3C002F0D552B15B0751
:1094B00008D46FF00F06ECE7002AFAD1C3F3C0031B
:1094C000002BF6D100232360D5F8C03063B9C5E97D
:1094D0002F44284609F049F8E36843F00403E360A9
:1094E0003B68A3603046F8BD1C60C5F8C040F0E79B
:1094F0006FF01506CDE700BFA0230020F0B589B0BE
:1095000004460020C4E92F000E9D04F1C400C4E904
:10951000310004F1CC00C4E9330055B328790028A8
:1095200040F2011008BF0120C4F8D40000204FF021
:10953000FF364FF0FF37CDE90330CDE90100CDE92B
:1095400006670D4B0094204600F0DEF855B12968FF
:1095500011B1204600F012F86B791BB1237B43F068
:1095600001032373204600F007FCC4F8B84009B09B
:10957000F0BD0120D8E700BFF992000810B50446FD
:1095800008B9054B9C681F2204F1780002F086F8A8
:10959000002084F8970010BDA02300202DE9F84F8B
:1095A0000C46A1B39AB390F80D90DFF86880571E6F
:1095B0000846B9F1000F25D0DFF85CA00025B8F807
:1095C00004B019EA0B0F19D0B8F80630D8F800101B
:1095D0007E1B9E4228BF1E463246F7F721F82E44D6
:1095E00039EA0B0904EB06000CD0BD1B012D28BF86
:1095F00001252A465146F7F713F8354408F10808C3
:109600006019DCE7002303702046BDE8F88F0348AB
:10961000FBE700BFB83B0108B95B0108054501083D
:109620002DE9F04FD51D85B025F0070504461F46EE
:109630007F3500F15803C0E9163325F03F05129B32
:1096400023730020119BA3730E463F2D4FF004019E
:10965000DDE90EBAC4E90600DDF84C80A060617354
:10966000E07306F14003A5F1400905D880F31188A5
:10967000BFF36F8F084602DF4A46AA21184601F061
:109680008DFC109BC4E9270935444FF00009C4F84C
:10969000A4902A46CDE901A3CDF800B03B4631465F
:1096A0002046FDF7FFFF109BC4F85490C4E9197BD6
:1096B000C4F86CA02367EFF31183102282F31288A1
:1096C000BFF36F8F0F4E326A6267346283F3118883
:1096D000BFF36F8FB8F1000F11D01F22414604F184
:1096E000780001F0DBFF84F89790B3680BB1D3F8F2
:1096F000A830C4F8A830284605B0BDE8F08F84F83B
:109700007880F2E7A0230020F0B587B0002505950A
:10971000109D04950F9D03950E9D0295DDE912762F
:109720000D9D01950C9D00950446FFF779FFB6F15C
:10973000FF3F08BFB7F1FF3F05D056EA070305D149
:10974000204600F019FB204607B0F0BD3A463346EC
:1097500004F11800014900F017FDF4E7C7260108DD
:1097600040F2011310B583810023C0E9273304467A
:1097700000F082FF014B9C6010BD00BFA0230020C1
:109780000A4A93686FF00A01C3F8B0100849C3F899
:10979000AC004B6843F080534B60002383F3118887
:1097A000BFF36F8F9368D3F8B0007047A0230020F9
:1097B00000ED00E070B590F90D20437B002A36DB08
:1097C000D90634D11B4C63F07F032246437352F811
:1097D000183FE169934207D1C0E900210860E061C8
:1097E00011E09942F8D01B68002BF5D090F90E508B
:1097F00093F90E60B542F4D0AE42F2DD5968C0E98B
:10980000003108605860A569954200D005B9E56847
:10981000A3685A7BD20604D1DA897F2A01D9AA69C2
:1098200032B1AB4202D0284600F0B0FB656170BD9A
:109830006361FCE7A023002038B590F90D20437B3D
:10984000002A014604DA03F07F03437308F0C4FEE4
:109850000D4D2A46AB6852F8184F944200D004B917
:10986000EC688B4207D05A7BD20604D1DA897F2A72
:1098700001D9A2692AB1A34202D0204600F086FB9A
:1098800023466B6138BD00BFA0230020B3F1FF3F2A
:1098900008BFB2F1FF3F03D00249183000F074BC9A
:1098A000704700BFC726010870B590F90D20437BB3
:1098B000002A014604DA03F07F03437308F08CFEAC
:1098C0004B7B1C4C63F07F0322464B7352F8183FCE
:1098D000E069934207D1C1E900200160E16111E034
:1098E0009842F8D01B68002BF5D091F90E5093F9EF
:1098F0000E60B542F4D0AE42F2DD5868C1E90030E6
:1099000001605960A569A368954200D005B9E56872
:109910008B4207D05A7BD20604D1DA897F2A01D93B
:10992000AA692AB1AB4202D0284600F02FFB2B4691
:10993000636170BDA0230020F8B5394CA268824253
:10994000074624D1EFF305830BBBEFF311861023F9
:1099500083F31288BFF36F8F537B03F07F0343F0D1
:109960001003537308F038FE234653F8185F9D42E6
:1099700000D005B9E568A3689D4202D0284600F0F2
:1099800005FB65613046BDE8F840FFF7F9BEEFF32F
:109990001185102383F31288BFF36F8F7B7BD90669
:1099A00004D585F31188BFF36F8FF8BDD90943F053
:1099B000100219D17A73A6691A4B9E4200D006B9DB
:1099C000E668A368B34202D0304600F0DFFAA3682D
:1099D00066619F42E5D1EFF30583002BE1D13A7B2D
:1099E000D2070AD42846CEE703F07F0343F01003E2
:1099F0007B73384608F0F0FDDDE785F31188BFF38F
:109A00006F8F83F31188BFF36F8F0423184602DF33
:109A1000EFF31180102383F31288BFF36F8FB2E747
:109A2000A0230020B8230020F8B50E4B0C461146A9
:109A30000D4A98681060DDE90667EFF31182102285
:109A400082F31288BFF36F8F9D68284608F0D6FD19
:109A5000284632463B46FFF719FF2046BDE8F8404E
:109A6000FFF78EBEA0230020CC230020F8B50446CB
:109A7000EFF31187102383F31288BFF36F8F437BBB
:109A800003F01F02002A0CBF0126002649B239D17B
:109A900003F07F03437308F09FFD2C4D437B8173DC
:109AA00063F07F032A46437352F8183F934227D14D
:109AB000E869C4E900200460EC610FE09842F8D046
:109AC0001B68002BF5D093F90EC06145F6D08C458C
:109AD000F4DD5968C4E900310C605C60AC69944203
:109AE00000D004B9EC68AB689C4202D0204600F07C
:109AF0004DFA6C6187F31188BFF36F8F3046F8BD64
:109B0000E869DEE79B071ED5856808F065FD81736F
:109B10002B689D4209D16B68C4E900531C606C60DE
:109B2000E8E76A689342F6D01B68002BF3D093F9FC
:109B30000E209142F5D08A42F3DD5A68C4E9003222
:109B400014605C60D6E78173D4E700BFA0230020D7
:109B500049B9EFF3058030B9054B5A699B689A42C1
:109B600001D0FFF70DBE81F31188BFF36F8F7047EF
:109B7000A023002010B5EFF31184102282F3128885
:109B8000BFF36F8F427BD10604D484F31188BFF3F7
:109B90006F8F10BD22F010024273FFF70BFE2146BB
:109BA0000248BDE81040FFF7D3BF00BF38240020B3
:109BB000034648B9EFF3058232B9064A5169926803
:109BC000914201D0FFF7DCBD83F31188BFF36F8FA3
:109BD000704700BFA0230020EFF31181102383F30F
:109BE0001288BFF36F8F054B9A68D37B013BD37309
:109BF00081F31188BFF36F8F704700BFA02300204F
:109C000070B5EFF31186102383F31288BFF36F8FC3
:109C1000144DAB68DA7B0132DA732A4652F8184FDA
:109C2000944200D004B9EC685A7BD20604D1DA8998
:109C30007F2A01D9A2692AB1A34202D0204600F0AE
:109C4000A5F923466B6186F31188BFF36F8FEFF39D
:109C50001180102383F31288BFF36F8FBDE870402B
:109C6000FFF7A6BFA0230020024B03F11802C3E9AF
:109C700006227047A023002070B5EFF31186102351
:109C800083F31288BFF36F8F1B4CA168E0690B68E8
:109C9000814214BF1A46002249680B605960A368CC
:109CA000E1692AB9154AC3E900210B60E3610CE0C0
:109CB00093F90E0092F90E50A84218D0854216DD95
:109CC0005168C3E900210B605360A5690B4B9D42AD
:109CD00000D005B9E568A3689D4202D0284600F08F
:109CE00055F965613046BDE87040FFF749BD8A42CD
:109CF000D8D01268D5E700BFA0230020B8230020E9
:109D0000F8B550EA010306460C4603D1FFF7B4FF4D
:109D10000020F8BDEFF31187102383F31288BFF3FF
:109D20006F8F124D124BA8681860FFF785FDA86869
:109D3000104923463246183000F026FAAA68537BB1
:109D400043F00403537304463846FFF719FDAB682C
:109D5000D3E90A23B3F1004F08BF002AD8D108F095
:109D60005EFD201A20EAE070D3E700BFA0230020A8
:109D7000CC230020C726010838B50446EFF311852F
:109D8000102383F31288BFF36F8F437B5B070FD5DC
:109D9000183008F01CFD637B23F004032046637336
:109DA000FFF708FD29460548BDE83840FFF7D0BE5B
:109DB00085F31188BFF36F8F38BD00BF38240020B2
:109DC000014B9868704700BFA02300202DE9F8439D
:109DD0000446077BEFF31185102383F31288BFF34A
:109DE0006F8F437B190705D585F31188BFF36F8FFC
:109DF000BDE8F883D90943F008025DD14273A36836
:109E000013B1204608F0F0FB04F1180008F0DFFC65
:109E1000A66D04F15808B04511D04FF0000976B195
:109E2000304608F0E1FB06F1180008F0D0FCC6F857
:109E3000B0903046FFF7BEFCA66DB045EFD1DFF81D
:109E4000C080D8F808309C423ED1EFF30589B9F1C3
:109E5000000918BF4FF00109D8F81860294A964246
:109E600000D00EB9D8F80C60B34202D0304600F0F2
:109E70008DF82046C8F8146000F0E0F8B9F1000F42
:109E800002D02148FFF76CFCD8F808309C4231D151
:109E9000EFF3058373BB227BD20718D42846FFF764
:109EA0006FFCFB07A4D5002383F31188BFF36F8FEA
:109EB0000423184602DF9BE703F07F0343F0080307
:109EC000437308F089FB9AE74FF00009C4E785F374
:109ED0001188BFF36F8F83F31188BFF36F8F042353
:109EE000184602DFEFF31180102383F31288BFF3CB
:109EF0006F8FD4E785F31188BFF36F8FD1E700BF71
:109F0000A0230020B8230020A01B0020D3B5DDE94A
:109F10000667089CCDE90067FFF786FD1CB1034B7F
:109F20009B681B69236002B0D0BD00BFA023002046
:109F3000044BC01A044BC0105843044B01221A545E
:109F4000704700BF581C0020ABAAAAAA38240020E2
:109F5000C3897F2B12D80A4B1B6863B1094B90F958
:109F60000E201B689A4209DB437BDB0606D1064BB9
:109F7000C31A18BF012303F0010070470023FAE75A
:109F8000440A0020D0230020301A002070B50E4B68
:109F90000E4C1E7C06EB460304EBC304054620462C
:109FA00008F015FC0A4B002228469A55FFF7D0FF0F
:109FB00048B1084B08491A68013A2046D317BDE852
:109FC000704000F0E1B870BDA0230020581C0020B4
:109FD00038240020440A0020319F000838B5EFF3F0
:109FE0001185102383F31288BFF36F8F104B114A32
:109FF0009C681068A04206D1FFF7C8FF85F311885E
:10A00000BFF36F8F38BD00211B7C11600A4AD35CFF
:10A01000002BF3D02046FFF79BFF0028EED0637B98
:10A02000DB0602D12046FFF73FFC2046E4E700BFF5
:10A03000A0230020CC23002038240020EFF311813E
:10A04000102383F31288BFF36F8F0A4A136A834287
:10A0500007D15B6F136281F31188BFF36F8F704775
:10A060001346002BF7D05A6F8242F9D1426F5A67DC
:10A07000F1E700BFA0230020F8B505460E46EFF338
:10A080001187102383F31288BFF36F8F064B1C6A6E
:10A0900024B987F31188BFF36F8FF8BD204631468E
:10A0A000A847646FF4E700BFA0230020F8B5064678
:10A0B0000F46EFF31183102282F31288BFF36F8FE4
:10A0C0000B490C6A154624B983F31188BFF36F8FCF
:10A0D000F8BD83F31188BFF36F8F39462046B04730
:10A0E000EFF3118385F31288BFF36F8F646FEAE794
:10A0F000A02300200748084A084908B5121A08F0AA
:10A10000E3F90748074A0849BDE80840121A08F071
:10A11000DBB900BF00000020EC0C00203C5C010813
:10A1200000000020000000203C5C0108024B186881
:10A13000984208BF00207047480A0020034B1B6864
:10A140000BB9FEF7F3BC0020704700BFD4230020FA
:10A1500030B570B10B4B5B6898420AD0036843B1CD
:10A16000D3E90421D0E90445121941EB0501C3E903
:10A170000421D0E9003213605A600023C0E90033A3
:10A1800030BD00BF480A0020B3F1FF3F08BFB2F165
:10A19000FF3F2DE9F84F0446994615461F467AD0F1
:10A1A0008160EFF31188102383F31288BFF36F8F60
:10A1B000B9F1000FDFF8E4A020DBFFF7BFFFDAE919
:10A1C0000027013549F100092D1849EBE073C4E976
:10A1D0000453AD18064643EB07074FF00109FFF79C
:10A1E000A5FFDFF8BCE0DEF804A00346EBB9C4E944
:10A1F00000EACAF80040CEF8044028E0DAE900128C
:10A200006FF001035B1A4FF0FF3161EB02025B1B41
:10A2100062EB0902012B72F10001BCBF0123002295
:10A22000C0E904324FF00009D9E7D3E9041CD4E9AE
:10A2300004208A4270EB0C0B24DA891A5A686CEB02
:10A240000000C3E90410C4E9003214605C60FFF749
:10A250006DFF84420ED1134B1B685BB9B9F1000F3F
:10A2600002D1FFF76BFF0646304608F099FA00214D
:10A27000FEF7E0FB88F31188BFF36F8F284639465D
:10A28000BDE8F88F521A60EB0C009A45C4E904202F
:10A29000ADD01B68AAE700252F46EFE7701C002011
:10A2A000480A0020D42300202DE9F047EFF3118560
:10A2B000102383F31288BFF36F8FDFF8A490DFF8C9
:10A2C000A480C9F80000FFF731FF00260027D9F865
:10A2D0000030D8E900ECD91750B1D0E90442A342CC
:10A2E00071EB020A1CDAE41A62EB0102C0E90442D3
:10A2F00013EB0E034FF000044CEB01012046C8E9BC
:10A300000031C9F8004008F04BFA2146FEF792FBF5
:10A3100085F31188BFF36F8FBDE8F047FFF75EBE8E
:10A3200014EB0E024CEBE473C0E90467C8E90023A8
:10A33000FFF70EFF85F31188BFF36F8F836898478F
:10A34000EFF31185102383F31288BFF36F8FD9F8D1
:10A3500000301B1BC9F80030FFF7E8FEB7E700BF6D
:10A36000D4230020701C002010B5EFF311841023BB
:10A3700083F31288BFF36F8FFFF7E0FE054A0346B1
:10A38000D2E90001181841EBE37184F31188BFF39F
:10A390006F8F10BD701C0020F8B50546EFF31187D4
:10A3A000102383F31288BFF36F8F036823B187F301
:10A3B0001188BFF36F8FF8BDD0E90A46611C46F1E2
:10A3C0000002022972F1000236D3012C76F100025C
:10A3D000BCBF01241E46013C46F1FF3608F023FABB
:10A3E000013041F10001001946EB0101012871F132
:10A3F000000130DB08F017FA013041F100016FF085
:10A400000203001946EB010183426FF000438B41C8
:10A4100026DB08F008FA013041F100016FF001027B
:10A42000001946EB0103121A4FF0FF3161EB0303F1
:10A430001C492846FFF7A8FE2B6B01332B632B6AC0
:10A4400093B93C462B4653F8185F9D4200D0D5B9CE
:10A4500084F31188ADE76FF001024FF0FF33E7E7B7
:10A4600000224FF00043E3E787F31188BFF36F8FBB
:10A470002B6A28469847EFF31184102383F3128840
:10A48000BFF36F8FDEE7284608F0EFF80023C5F82A
:10A49000B03084F31188BFF36F8F2846BDE8F840D1
:10A4A00008F0D4B899A300082DE9F04105461C46F0
:10A4B00090461F46EFF31186102383F31288BFF3F3
:10A4C0006F8FB4F1FF3F08BFB2F1FF3F05D186F3B4
:10A4D0001188BFF36F8FBDE8F081002C09DB012AE2
:10A4E00074F10003BCBF0122002412F1FF3844F1D3
:10A4F000FF37284608F06BF9DDE906010023C5E9BE
:10A500000A012B6342463B4628460249FFF73CFEC0
:10A51000DDE700BF99A30008F0B51423154E03FB37
:10A5200001000024102701B9F0BD10F8073C40F8E5
:10A530000C4C03F03F03102BA0F1140C0CD826FA9E
:10A5400003F3DB0708D550F8143C2BB150F8105C2E
:10A550002B605D6040E9054482F31188BFF36F8F83
:10A56000EFF3118287F31288BFF36F8F01396046D2
:10A57000D9E700BF160101002DE9F74F1D46274B13
:10A580009F68012387F8603087F8613052EA05033D
:10A5900016460CBF0123002307F16002804608F035
:10A5A00096F98146EFF3118B4FF0100A8AF3128867
:10A5B000BFF36F8F97F860404CB901465A4640464A
:10A5C000FFF7AAFF8BF31188BFF36F8F0BE0002317
:10A5D00087F8603056EA050309D18BF31188BFF381
:10A5E0006F8F6FF00A04204603B0BDE8F08FCDE90D
:10A5F00000650B4A0B485946FFF716FA0446EFF37D
:10A6000011858AF31288BFF36F8F2A464946404668
:10A61000FFF782FF85F31188D6E700BFA023002053
:10A62000500A00203924002038B50346EFF3118585
:10A63000102282F31288BFF36F8FC1600121816005
:10A640000068834206D185F31188BFF36F8F002421
:10A65000204638BDD0E9003213605A600023C0E9BB
:10A66000003308F0B7F9294604460248FFF770FAAC
:10A67000EEE700BF39240020014BC0F8A830704736
:10A68000980C0020014805F009BC00BFF45B0108EC
:10A6900038B5064C064DAC4201D3002038BDD4E994
:10A6A0000112204608F014FA1434F4E7980C002044
:10A6B000AC0C002007B5074B0093074907484FF043
:10A6C000FF334FF48062FEF719FF002003B05DF8FE
:10A6D00004FB00BFF83B0108C03D0020781C0020AF
:10A6E000F8B5604A0C460023D0E90001F6F7C6FC35
:10A6F000002AC0F2AD8000F52F2000F66C205A49E8
:10A70000A1FB0251C90A4FF4616303FB1122574BAD
:10A71000A160A3FB02135B096360C3EB0313A2EB0D
:10A720008302534B2260C11C83FB013C8C44CB173A
:10A73000C3EBAC03C3EBC303CB1A7CD40028A361E7
:10A740007BDB4C4BC11783FB0023C1EBE3314A4B4E
:10A750004A4A03FB01008308A2FB0352484D00EB69
:10A76000D222A5FB0363474EA2EBD3120309A6FB3B
:10A770000363A2EB1312444BA3FB0263D61A03EB51
:10A78000560C9308A5FB0353404D4FEA1C22A5FB32
:10A790000265DB09C3EB5513034440F26D1000FB67
:10A7A000123303EB830E3A480EF1020EA0FB0E0C9F
:10A7B0004FEADC1C40F2F9550CEBCC00AE4500EB47
:10A7C0000010344D00F10200A5FB00504FF4C87694
:10A7D0008CBF6FF00905022506FB01216544012DA0
:10A7E00098BF01315E1CB3F5997FA6EB90000BD3A7
:10A7F000A3F59973A1F26C71E3610023E060C4E9F1
:10A80000045123622046F8BD96070BD0224E06FB6A
:10A8100002F2224EB6EB321F2CBF012200223B3344
:10A820001344E7E71C4E1E4F02FB06F6B7EBB60FCC
:10A83000ECD20122F3E70733A3610E4BA0F50E31F2
:10A84000A1F52C7183FB0123C917C1EBE3317EE72E
:10A8500002F5A83200F52F2002F5C07200F66B2039
:10A860004DE700BF80510100C5B3A2918988888857
:10A8700093244992BD066B394FC5FDFF7F206B398C
:10A88000D97CC65941D6720061F319671F85EB5117
:10A89000D7802BD6CDCCCCCC295C8FC20AD7A300D5
:10A8A000285C8F02024B0146186800F00BB800BF0D
:10A8B000580A0020024B0146186803F01BBA00BF7B
:10A8C000580A00202DE9F04F01F10B05162D83B039
:10A8D000064624D8102900F2B08000F0B1FB102504
:10A8E00018224FF0020CBC4F3A44A2F108035468FE
:10A8F0009C4200F00B816368E268A16823F00303C7
:10A900002344CA6091605A6842F0010230465A609E
:10A91000083400F09BFB204603B0BDE8F08F35F013
:10A92000070500F18A80A94200F2878000F088FBC9
:10A93000B5F5FC7FC0F058816B0A00F08280042BD3
:10A9400000F20B81AB0903F1390C03F138044FEA33
:10A95000CC03A14F3B44A3F108005B68984206D1A9
:10A960000CE0002980F2C080DB68984206D05A686B
:10A9700022F00302511B0F29F3DDA446DFF85C82AD
:10A980003C69444500F09D80636823F00309A9EB0E
:10A9900005030F2B00F32D81002BC7E9048880F2FB
:10A9A0000E81B9F5007FD7F804E080F0B6804FEA59
:10A9B000D90101314FEA5919012303FA09F357F874
:10A9C0003120A2604EEA030E07EBC103083BE360AF
:10A9D000C7F804E047F83140D4604FEAAC030120E7
:10A9E0009840704533D810EA0E0F07D12CF0030CB5
:10A9F000400010EA0E0F0CF1040CF9D007EBCC0A62
:10AA00005346E146D9680EE04A6822F00302A2EB01
:10AA1000050EBEF10F0F0C46C96800F3AC80BEF105
:10AA2000000F80F2BF808B42EED109F1010919F0CD
:10AA3000030F03F10803E5D123E10C233360002465
:10AA400069E74FF400734FF0400C3F2481E7BC6886
:10AA5000636823F00308A84503D3A8EB05030F2B75
:10AA600032DC5F4B1A685F4B196801312A4404EBF2
:10AA7000080A00F06B8102F580520F3222F47F62E7
:10AA800022F00F0211463046009200F087FCB0F130
:10AA9000FF3F009A534B814605D0824540F2C48067
:10AAA000BC4200F00481BC68626822F00302AA4242
:10AAB000A2EB050301D30F2B06DC304600F0C6FAEB
:10AAC000BDE7D7F804E088E7621943F0010345F0D9
:10AAD000010565603046BA60536000F0B7FA08348B
:10AAE000204603B0BDE8F08FD3E902411A44E1608B
:10AAF0008C60516841F001013046516003F1080457
:10AB000000F0A4FA204603B0BDE8F08FD468A2425A
:10AB10007FF4F1AE0CF1020C30E7B9F5206F4FEA8B
:10AB200059227AD3142A00F22D8102F15C03DB0052
:10AB30005B32F918FB580839994203D108E19B6848
:10AB4000994204D05A6822F003024A45F7D8D968DE
:10AB5000C4E902318C60DC603FE7142B40F2858051
:10AB6000542B00F218812B0B03F16F0C03F16E04D0
:10AB70004FEACC03EDE63046A668631945F00105BF
:10AB80006560F1608E604EF00101C7E90433C3F8DF
:10AB90000880C3F80C80596044F802E000F056FACF
:10ABA0000834B8E622443046536843F0010353604A
:10ABB00054F8083FD9608B6000F048FAABE6A14436
:10ABC0003046D9F8043043F00103C9F804300834A2
:10ABD00000F03CFA9FE600BF90020020980200209F
:10ABE000082400205C0A00204FEAD50C05F1080279
:10ABF00079E6621943F0010145F0010565603046D0
:10AC0000C7E90422C2F80880C2F80C80516044F8F9
:10AC1000093000F01BFA08347DE64FEA991202F180
:10AC20003903DB00383284E7DFF804B2DBF80010C8
:10AC30001144CBF80010084640D1C9F30B0CBCF10D
:10AC4000000F3BD1D7F80890424442F00102C9F806
:10AC50000420784B1868884238BF1960764B186812
:10AC6000884238BF19604C461FE703F15C0C03F1C2
:10AC70005B044FEACC036CE65AF80839534540F0C0
:10AC8000D5801CF0030F0CF1FF3CF5D17B6823EA63
:10AC900000037B60400098423FF6D9AE18B9D6E673
:10ACA000400009F104091842FAD0CC46A6E6DFF8C4
:10ACB00080B1DBF800001044CBF8000019680131C6
:10ACC0001BBFA9EB0A031B18C3F80090CBF8003098
:10ACD00019F0070345D0C3F108018944C3F5805139
:10ACE0004A440831891AC1F30B0A51463046019390
:10ACF000009200F053FB421CDDE900237AD0A0EB68
:10AD0000090000EB0A02DBF80030C7F8089042F0B7
:10AD100001020AEB0301BC42C9F80420CBF8001081
:10AD200097D0B8F10F0F41D96268A8F10C0323F056
:10AD3000070302F001021A436260E21805200F2B9C
:10AD4000506090604CD8D9F8042082E7103299E620
:10AD50009210012000FA02F24EEA020EC7F804E057
:10AD6000F6E609EB02014942C1F30B0A51463046AF
:10AD70000193009200F012FB431CDDE90023BED1D9
:10AD80009A46C0E7542A15D84FEA193202F16F03E8
:10AD9000DB006E32CDE6B3F5AA7F15D8EB0B03F1DD
:10ADA000780C03F177044FEACC03D2E50123C9F80C
:10ADB000043082E6B2F5AA7F23D84FEAD93202F1F5
:10ADC0007803DB007732B4E640F25452934223D842
:10ADD000AB0C03F17D0C03F17C044FEACC03B8E526
:10ADE00004F10801304602F085FFD7F80890DBF83F
:10ADF0000010A8E7083B1A44A2EB09024FF0000A32
:10AE000081E740F254539A420CD84FEA994202F13A
:10AE10007D03DB007C328CE64FF47E734FF07F0CB9
:10AE20007E2496E54FF47E737E2282E67B6831E7CE
:10AE3000D82300200424002000240020032A70B519
:10AE400011D940EA01039B071FD104460B4602E0DB
:10AE5000043A032A1DD91946204653F8045B54F8D6
:10AE6000046BAE42F4D0541EB2B1421E013901E06F
:10AE7000C3180CD012F801EF11F801CFE645A4EB8E
:10AE80000203F5D0AEEB0C0070BD541EEDE7184682
:10AE900070BD20461946E6E7104670BD88420ED9BF
:10AEA0008B1883420BD900EB020C002A6ED062464D
:10AEB00013F801CD02F801CD9942F9D170470F2A5C
:10AEC0000FD8034602F1FF3C002A5FD00CF1010CC1
:10AED000013B8C4411F8012B03F8012F6145F9D196
:10AEE000704740EA01039B0751D1A2F1100370B5EE
:10AEF00001F1200C23F00F0501F1100E00F11004F8
:10AF0000AC441B095EF8105C44F8105C5EF80C5C05
:10AF100044F80C5C5EF8085C44F8085C5EF8045C7D
:10AF200044F8045C0EF1100EE64504F11004E9D17A
:10AF3000013312F00C0F01EB031102F00F0400EBD0
:10AF4000031328D0043C24F003064FEA940C1E445B
:10AF50001C1F8E465EF8045B44F8045FB442F9D1CE
:10AF60000CF1010402F0030203EB840301EB840102
:10AF700002F1FF3C4AB10CF1010C013B8C4411F889
:10AF8000012B03F8012F6145F9D170BD704702F123
:10AF9000FF3C03469AE72246EAE700BF830730B545
:10AFA00047D0541E002A3ED0CAB2034601E0013CFD
:10AFB00039D303F8012B9D07F9D1032C2CD9CDB23D
:10AFC00005EB05250F2C05EB054535D9A4F110023D
:10AFD00022F00F0C03F1100EE6444FEA121C1A4641
:10AFE000156055609560D56010327245F8D10CF14E
:10AFF000010214F00C0F03EB021204F00F0C13D03B
:10B00000ACF1040323F003030433134442F8045B5C
:10B010009A42FBD10CF003042CB1C9B21C4403F8D2
:10B02000011B9C42FBD130BD64461346002CF4D179
:10B03000F9E703461446C0E71A46A446E0E700BF16
:10B04000014806F0A2BC00BFAC0C0020014806F08D
:10B05000A2BC00BFAC0C00202DE9F84F1646002919
:10B0600000F096800C46804606F10B05FFF7E8FFDE
:10B0700054F8041C162DA4F1080921F0030758D830
:10B080001025AE4258D8AF4260DABE4B9A6809EB41
:10B09000070C6245DCF8040000F0908020F001030A
:10B0A00063445B68DA0768D420F003003B189D42D4
:10B0B00047DDCB0712D454F8083CA9EB030BDBF8AF
:10B0C000043023F00302104400EB070A554540F317
:10B0D000F68007EB020A554540F3CC8031464046E6
:10B0E000FFF7F0FB0646002800F0208154F8043CEE
:10B0F00023F001034B44A0F10802934200F0B48016
:10B100003A1F242A00F2D780132A00F2A2800346B5
:10B110002246116819605168596092689A60214608
:10B12000404602F0E7FD4046FFF790FF3046BDE89D
:10B13000F88F35F00705A4D50C23C8F80030002699
:10B1400018E01F46DCE90223D3609A60D9F8043086
:10B150007A1B0F2A03F0010309EB07001DD83B43BC
:10B16000C9F80430436843F0010343604046FFF7E9
:10B170006DFF26463046BDE8F88FC907AED454F8B7
:10B18000083CA9EB030BDBF8043023F00302A0E733
:10B19000BDE8F84F1146FFF795BB09EB05012B43BE
:10B1A00042F00102C9F804304A60436843F00103E9
:10B1B00043600831404602F09DFDD7E720F00300D0
:10B1C000C21905F1100C624580F29180CA0785D43E
:10B1D00054F8082CA9EB020BDBF8042022F0030240
:10B1E000104400EB070AD4453FF773AF5E46DBF827
:10B1F0000C1056F8080F3A1F242AC160886000F22C
:10B20000AE80132A40F2A9802168CBF8081061684B
:10B21000CBF80C101B2A00F2A88008340BF11002A6
:10B220002168116061685160A16891600BEB0501B4
:10B23000AAEB050242F0010299604A60DBF8043093
:10B2400003F001032B434046CBF80430FFF7FEFE2A
:10B2500090E723680360636843601B2A3CD804F1CD
:10B26000080200F1080354E750F8043C23F00303FC
:10B270001F446BE73A1F5E46DBF80C3056F8081F98
:10B28000242ACB60996022D8132A1ED92368CBF8D0
:10B2900008306368CBF80C301B2A3BD808340BF11C
:10B2A000100322681A6062685A60A2689A60344685
:10B2B0005746D9464AE72146FFF7F0FD2FE7DCE97C
:10B2C00002133A1FCB609960D5E73346E9E7214680
:10B2D0003046FFF7E3FDEAE7A3688360E368C360F5
:10B2E000242A27D004F1100200F1100311E709EB22
:10B2F00005019960531B43F001034B6054F8043C73
:10B3000003F001032B43404644F8043CFFF79EFE44
:10B3100026462FE7A368CBF81030E368CBF814304B
:10B32000242A10D010340BF11803BAE74046FFF777
:10B330008DFE04E7236903616169416104F118022C
:10B3400000F11803E5E62369CBF818306369CBF800
:10B350001C3018340BF12003A3E7324660E7214686
:10B360003046FFF79BFD074B60E7A168CBF8101054
:10B37000E168CBF81410242A06D010340BF118021F
:10B380004EE700BF900200202269CBF818206269C6
:10B39000CBF81C2018340BF1200241E738B5074DDB
:10B3A0000022044608462A60FCF788FB431C00D0B4
:10B3B00038BD2B68002BFBD0236038BD0C24002047
:10B3C0000CB410B51F4B00291C689CB035DB4FF442
:10B3D0000273ADF81430029006901FAB18D00139FB
:10B3E0004FF6FF7204910791ADF8162002A91E9A3C
:10B3F0000193204600F0ECFC421C01DA8B23236011
:10B40000029B00221A701CB0BDE8104002B07047C9
:10B410004FF6FF7204910791ADF8162002A91E9A0B
:10B420000193204600F0D4FC431C01DA8B232360F7
:10B430001CB0BDE8104002B070478B2323604FF072
:10B44000FF30F5E7580A002010B40F4C84461CF872
:10B45000013B11F8010BE25C02F00302012A225CBD
:10B4600002F0030208BF2033012A05D01B1A08D1BD
:10B470000028ECD110BC70472030181AE7D010BC5F
:10B480007047184610BC7047053C010811F0FF01D9
:10B49000034600F0030239D08ABB026810B501EB05
:10B4A000012E4EEA0E4E8EEA0204A2F1013323EA87
:10B4B0000203A4F1013222EA0402134313F0803F95
:10B4C0000FD150F8044F84EA0E0CA4F10133ACF113
:10B4D000013223EA040322EA0C02134313F0803FF3
:10B4E000EFD0037823B936E010F8013F002B32D0BB
:10B4F0009942F9D110BD8A4228D09A0729D01A78EA
:10B5000018460133002AF6D110467047CAB90268BE
:10B51000A2F1013323EA020313F0803F08D150F86F
:10B52000042FA2F1013323EA020313F0803FF6D087
:10B5300003785BB110F8013F002BFBD170479907EE
:10B5400005D0184613F8012B002AF8D17047184689
:10B55000DDE71846A1E7184610BD00BF80EA0102EA
:10B56000844612F0030F4FD111F0030F32D14DF882
:10B57000044D11F0040F51F8043B0BD0A3F101323C
:10B580009A4312F0803F04BF4CF8043B51F8043B4F
:10B5900016D100BF51F8044BA3F101329A4312F0C7
:10B5A000803FA4F101320BD14CF8043BA24312F0CE
:10B5B000803F04BF51F8043B4CF8044BEAD02346CB
:10B5C0000CF8013B13F0FF0F4FEA3323F8D15DF87D
:10B5D000044B704711F0010F06D011F8012B0CF845
:10B5E000012B002A08BF704711F0020FBFD031F8BD
:10B5F000022B12F0FF0F16BF2CF8022B8CF8002044
:10B6000012F47F4FB3D1704711F8012B0CF8012BC6
:10B61000002AF9D1704700BFB2B340EA01039B078B
:10B6200030B5844618D1032A16D904460B4606E0E5
:10B63000043A2BD01EF0803F28D1032A2AD9206853
:10B64000194653F8045BA0F1013EA842A4462EEA35
:10B65000000E04F10404EBD09CF800000C78844246
:10B6600016D1012A12D0E64668B11EF8010F11F872
:10B67000014FA2EB0E03A04203F1FF3308D11CEBF4
:10B680000303F1D1184630BD10467047002030BD8D
:10B69000001B30BDA4461946DEE700BF40EA0103A7
:10B6A0009B0710B501D1032A17D8844601F1FF3E4C
:10B6B00007E01EF8011F03F8011B541E29B19C4628
:10B6C00022466346002AF4D110BD9444002CFBD0DE
:10B6D00003F8011B6345FBD110BD8E468446DEF89E
:10B6E0000040A4F1013323EA040313F0803F7146C4
:10B6F0000EF1040EDAD1043A032A4CF8044BEED8CA
:10B700007146D3E771B1034600EB010C01E06345DC
:10B7100006D01A46013311780029F8D1101A704763
:10B72000181A7047084670472DE9F04F012BADF20B
:10B73000144D1C4681468B46904640F240810127BD
:10B74000002539464FF0FF303B4605E01F1A1D46E5
:10B7500001216B189C420ED908EB000218F8036017
:10B76000525C9642F2D379D00127284639463D44AF
:10B770006B189C42F0D801970127002539464FF0FD
:10B78000FF363B4605E09F1B1D4601216B189C427E
:10B790000ED908EB010218F803C0925D6245F2D39E
:10B7A00062D001272E4639463D446B189C42F0D8A2
:10B7B000013600F1010A5645019B28BF3B46019323
:10B7C00028BFB24603AB0DF20C4243F8044F9A4235
:10B7D000FBD16CB1601E404408F1FF3212F8011F2A
:10B7E000A31A013B04AD4344824245F82130F5D110
:10B7F000019B524608EB03014046FFF71FFB002860
:10B8000040F0858044F4006307460546ABEB040C2A
:10B810000293661EAC4512D309EB050E04AA1EF86E
:10B82000063052F823302BB327B1019A93423CBF24
:10B830001346E31A1D44AC454FF00007ECD209EB68
:10B840000B000299FFF75EFF8344ABEB040CAC45A1
:10B85000E2D200200DF2144DBDE8F08FB9420ABFCC
:10B860006D180131012174E78F4212BF0131ED19CA
:10B8700001218BE757453B4638BF5346B34218D2A8
:10B88000591EEA1841444A44009502E00133B3428C
:10B890000ED212F8010B11F8015F8542F6D09E42DC
:10B8A000009D06D9CAF101022A449D180027B1E77C
:10B8B000009D57450AF1FF337FD205EB0A024A4447
:10B8C00008EB0A010095CDF80CA002E09F4213D0CE
:10B8D000534611F8015D12F8010D854203F1FF3A5C
:10B8E000F4D0009DDDF80CA0013301379F4209D848
:10B8F000019B1D44E71A8DE701379F42009DDDF84B
:10B900000CA0F5D970460DF2144DBDE8F08FA4EBF4
:10B910000A03534538BF53460133019344F400638F
:10B920000025ABEB040C0093661EAC4509D309EB74
:10B93000050004AA835D52F823306BB11D44AC4569
:10B94000F5D209EB0B000099FFF7DCFE8344ABEB6B
:10B95000040CAC45EBD27CE7B24517D20AF1FF31BB
:10B9600005EB0A0241444A44534602E00133B34224
:10B970000CD212F8017B11F801EFBE45F6D0B342AC
:10B9800004D2CAF101022A449D18CEE7BAF1000F91
:10B990003FF460AF05EB0A01494408EB0A0202E0FC
:10B9A00043453FF457AF12F801ED11F8017DBE4554
:10B9B0001346F5D0019B1D44C1E7534695E701238B
:10B9C00001934FF0000AFDE62DE9F0410D4609789C
:10B9D00090B00446002954D06A78002A00F0828092
:10B9E000AB78002B51D0E8782E68002800F08180D9
:10B9F0002B79002B56D02846F4F7E2FB064640F49C
:10BA000000712046FFF77EFE86425AD8FE2E00F2D5
:10BA10008880801B27184022711C6846FFF7BEFAF9
:10BA20007EB16A1E5FFA86FC901912F8013F03F09E
:10BA30003F0340336B44A91A6144904203F8401C11
:10BA4000F3D1013CA35D03F03F0340336B4413F893
:10BA5000403C1C44A74203D238E04444A74235D3BB
:10BA600014F806C00CF03F0C0CF140030DEB030C76
:10BA70002046324629461CF8408CFFF7DFF90028A3
:10BA8000EBD1204610B0BDE8F081007842EA0142D7
:10BA9000B8B140EA03439A42214614F8010FF7D1A6
:10BAA0004C1EEEE7227862B131BA01E099421ED015
:10BAB00042EA0323204614F8012F002AF6D19942C6
:10BAC00015D00024204610B0BDE8F081BB5DB81948
:10BAD000002BF6D04FF40061FFF714FE0744A74295
:10BAE000AFD2EEE710B0BDE8F041FFF7CFBCC41E07
:10BAF000C7E7120442EA0162217842EA03230029DF
:10BB0000DFD0024601E00029DBD041EA0200B3EBBE
:10BB1000002F25464FEA002214F8011FF3D1AC1E76
:10BB2000AFE7014633462A46204610B0BDE8F04153
:10BB3000FFF7FABD242B2DE9F84F43D8012B41D054
:10BB4000804649481F468E4675461EF801BB10F8D0
:10BB50000B4014F00804F7D1BBF12D0F6FD0BBF1EF
:10BB60002B0F08BF9EF800B06FF0004908BF05F129
:10BB7000020E73BBBBF1300F4BD00A273B460025AA
:10BB8000B9FBF7F6284607FB169A05E03AD007FB03
:10BB900000C001251EF801BBABF1300CBCF1090F50
:10BBA00006D9ABF1410CBCF1190F19D8ABF1370C28
:10BBB00063451EDDB5F1FF3FECD08642E6D24FF083
:10BBC000FF35E7E705F0E9FE162303600020BDE836
:10BBD000F88F102BD3D1BBF1300F23D01F46CEE707
:10BBE000ABF1610CBCF1190F03D8ABF1570C6345F5
:10BBF000E0DC6B1C2BD054B9002AE8D085BB116067
:10BC0000BDE8F88FE245C2DA4FF0FF35C2E74042A7
:10BC1000F2E79EF8003003F0DF03582B08D0082726
:10BC20003B46ACE79EF8000000F0DF005828D5D175
:10BC300010279EF801B03B460EF1020E9FE79EF8DA
:10BC400000B04FF0004905F1020E012491E72223D4
:10BC5000C8F8003032B10EF1FF3148461160CFE72D
:10BC60008146F8E74846B2E7053C010810B4044CA9
:10BC700084461346206810BC0A466146FFF75ABF47
:10BC8000580A00202DE9F047074649480E46354638
:10BC900016F801EB10F80EC01CF0080CF7D1BEF13D
:10BCA0002D0F5AD0BEF12B0F03BF96F800E064466B
:10BCB000AE1C64464BB9BEF1300F5CD00A23DFF8EE
:10BCC000F4804FF0050A99460AE0102B4AD04FF055
:10BCD000FF38B8FBF3F803FB08FA6FEA0A0A994643
:10BCE0000025284605E02CD009FB00C0012516F8E8
:10BCF00001EBAEF1300CBCF1090F06D9AEF1410CED
:10BD0000BCF1190F0BD8AEF1370C634510DDB5F15E
:10BD1000FF3FECD04045E6D94FF0FF35E7E7AEF105
:10BD2000610CBCF1190F03D8AEF1570C6345EEDC82
:10BD30006B1C0BD004B140420AB165B91160BDE87B
:10BD4000F087D445D0DD4FF0FF35D0E722233B60AC
:10BD50002846002AF3D0711EF0E796F800E001248F
:10BD6000AE1CA7E7BEF1300F11D04FF00F0A6FF0F5
:10BD700070489946B4E7337803F0DF03582B0BD0B3
:10BD800008234FF0070A6FF060489946A8E730781B
:10BD900000F0DF005828E8D14FF0100996F801E0D4
:10BDA0004FF00F0A02366FF070484B4698E700BF1D
:10BDB000053C01089999991910B4044C844613461E
:10BDC000206810BC0A466146FFF75CBF580A002095
:10BDD0002DE9F04FD9B00C46CDE90C0192460F93F6
:10BDE00002F0AAF8036817931846F4F7E9F9A38953
:10BDF00016901D0603D52369002B00F081870023D0
:10BE0000CDE92D33CDE91933CDE91B3312931893C6
:10BE10000B9300240023CDF820A0CDE91434089B17
:10BE20001B782FAA2C929346002B00F0E481DDF8BA
:10BE300020A004E01AF8013F002B00F01C81252B04
:10BE4000F8D1089BBAEB030540F01A819AF800304C
:10BE5000002B00F0D08100239AF801508DF8933028
:10BE60000A930AF1010A4FF0FF3907930AF1010A18
:10BE7000A5F120035A2B00F23481DFE813F09B0276
:10BE80003201320194023201320132016A00320180
:10BE900032015C026E02320167027B0232017402DF
:10BEA0005B005B005B005B005B005B005B005B00BA
:10BEB0005B003201320132013201320132013201C2
:10BEC000C80132012A028700C801C801C801320135
:10BED000320132013201B80232013201B5003201C1
:10BEE0003201320134023201A60232013201F80677
:10BEF00032013201320132013201320132013201AA
:10BF0000C80132012A028B00C801C801C801E80239
:10BF10008B0080003201DE023201D002B900BF0284
:10BF20008000320134027D001C07320132011F07FC
:10BF300032017D00A5F1300300221AF8015B02EB0B
:10BF4000820203EB4202A5F13003092BF5D90A92D4
:10BF50008EE70C9D284601F0EFFF43681B931846BF
:10BF6000F4F72EF91C900446284601F0E5FF83689B
:10BF70001993002C40F06B869AF8005076E7079BE7
:10BF80009AF8005043F0200307936FE7079B43F0B4
:10BF900010030793079B9C0640F18A810F9B073390
:10BFA00023F007031A46596852F8083B0F920A46D5
:10BFB0000029C0F2B185B9F1FF3F00F0EB87079986
:10BFC00021F0800653EA020100F050850A2B72F13D
:10BFD000000180F0738730338DF85F310DF25F130D
:10BFE00007960893012634E0079B43F0100307935C
:10BFF000079B13F0200200F04A810F9B073323F0C8
:10C00000070319465A6851F8083B0F91079921F424
:10C01000806600210020B9F1FF3F8DF8930000F009
:10C02000898226F08000079053EA020040F0818266
:10C03000B9F1000F40F0B787002940F01C8516F0D9
:10C0400001061BBF30238DF85F3158AB0DF25F1333
:10C0500008930023B145CDE9103349469DF893205C
:10C060000E93B8BF314609911393002A4BD0099B18
:10C070000133099347E0089BBAEB030500F0BB804E
:10C08000089B2E9FCBE900352D9B01332F44072BB6
:10C090002E972D9305DC0BF1080B0B9B2B440B9378
:10C0A000D4E6DDE90C012CAA02F0E4FB80B90DF125
:10C0B000BC0BF2E7DDE90C012CAA02F0DBFB002847
:10C0C00000F088800E9B1BB10E990C9801F012FEB7
:10C0D0000D9B9B89590601F1D8820B9859B0BDE898
:10C0E000F08F002D00F0878000228DF8FC508DF835
:10C0F00093200123CDE9102209931E463FAB0E92F7
:10C10000914613920893079B13F0020302D00999FA
:10C1100002310991079911F0840405D1DDE9090183
:10C120000F1A002F00F33E832E9F8AB12D9A0DF136
:10C13000930101320137CBF80010072A4FF00101BB
:10C140002E972D92CBF8041000F384830BF1080B8B
:10C1500083B12D9B25AA01330237CBF80020072B92
:10C160004FF002022E972D93CBF8042000F380832A
:10C170000BF1080B802C00F0F981A9EB0608B8F14F
:10C18000000F00F33F82079BDA0500F16A81089BEC
:10C19000CBF800302D9BCBF804600133F519072B49
:10C1A0002E952D9300F3A7820BF1080B079B5807E0
:10C1B00005D5DDE909239C1A002C00F36B83DDE92A
:10C1C0000A2309998A42ACBF9B185B180B93002D78
:10C1D0007FF470AF00232D930E9B1BB10E990C982A
:10C1E00001F088FD0DF1BC0BCDF820A0089B1B7859
:10C1F000002B7FF41CAE2E9B002B3FF469AF0D9CEF
:10C200000C982CAA214602F035FBA38962E70F9B0C
:10C21000073323F00703F3E802670F9327F0004387
:10C220001F931E96DDE91E01AE4B4FF0FF32CDE9A4
:10C230001467F4F7E5FE002840F0A084DDE91E0154
:10C24000A84B4FF0FF32F4F7BDFE002840F0968473
:10C250000022002330463946F4F7AAFE002840F0B9
:10C260005B879DF89320079B9F4C23F080030793E7
:10C270009E4B472DC8BF1C4603210023CDE9103338
:10C2800008940E9309910E4699461393EDE60F9983
:10C2900051F8043B0F91079911F010017FF4B6AEED
:10C2A000079A12F0400000F019879BB20A46ADE6EB
:10C2B0000F9A52F8043B0F92079AD00600F155846A
:10C2C000079A510640F14D8443F3C03211461BB228
:10C2D0006EE60F9B002253F8041B8DF893208DF817
:10C2E000FC100F9305E70F9F57F8043B08930026B7
:10C2F0008DF89360002B00F09E86B9F1FF3F00F0AF
:10C300000E8508984A463146F4F73AF90E9000280F
:10C3100001F01D810E9B089A0F97B1469E1A26EADE
:10C32000E673CDE910999DF893200993CDF83890E4
:10C33000CDF84C9099E60F9B53F8042B0A92002AF3
:10C3400080F20A840A9A0F9352420A92079B9AF843
:10C35000005043F00403079388E52B239AF800501C
:10C360008DF8933082E5079B9AF8005043F08003E4
:10C3700007937BE5524612F8015B2A2D01F01182EA
:10C38000A5F13003092B92464FF000093FF670AD3E
:10C390001AF8015B09EB890903EB4909A5F13003A0
:10C3A000092BF5D964E5079B9AF8005043F0010387
:10C3B00007935BE59DF893309AF80050002B7FF4CB
:10C3C00055AD20238DF8933050E5079B43F01006C0
:10C3D00016F0200200F089830F9B073323F0070338
:10C3E00019465A6851F8083B0F91012112E6079B44
:10C3F0009AF8005043F00803079337E50F9A079B1C
:10C4000043F0020652F8043B0F9247F63002ADF8B3
:10C410009420374A1892022100227825FAE5079BDA
:10C420009E0640F102840F9B0B9A1B681A60D2177C
:10C430005A600F9B04330F93D6E69AF80050079B7F
:10C440006C2D00F0548443F0100307930EE59AF826
:10C450000050079B682D00F0418443F04003079390
:10C4600004E5652D40F35381DDE91401002200232A
:10C47000F4F794FD002800F049822D9B1D4ACBF86B
:10C480000020013301370122072B2E972D93CBF883
:10C49000042000F38E850BF1080B269B129A934221
:10C4A00004DB079BDB0701D43D467FE6169B179A0A
:10C4B000DD19CBE900232D9B2E950133072B2D93FE
:10C4C00000F3FF830BF1080B129B5C1E002C7FF71F
:10C4D0006DAE102C2D9B084F40F37885DDE90C895B
:10C4E000102611E0FFFFEF7F083D01080C3D010819
:10C4F000183D0108483D01084C3D01080BF1080BAF
:10C50000103C102C40F3628501331035072BCBE92A
:10C510000076CDE92D35F1DD2CAA4946404602F0E2
:10C52000A9F900287FF4CEADDDE92D350DF1BC0B66
:10C53000E6E7079E01293FF449AD022900F0768124
:10C5400058AC03F00701DB0843EA4273D2083031EC
:10C5500053EA0207204604F8011DF2D1F7070894B8
:10C5600000F1768258AB07961E1B72E5DDE90923C0
:10C57000A3EB0208B8F1000F7FF7FFADB8F1100F81
:10C580003A462D9BC04F29DD1D9520961024DDE9EC
:10C590000C65194606E0A8F11008B8F1100F0BF170
:10C5A000080B18DD013110320729CBE90074CDE901
:10C5B0002D12F0DD2CAA294630460DF1BC0B02F0FD
:10C5C00059F900287FF47EADA8F11008B8F1100FDA
:10C5D000DDE92D12E6DC1D9D209E0B460133CBF8D4
:10C5E0000070072B08EB0207CDE92D37CBF804804C
:10C5F00000F30E85A9EB0608B8F1000F0BF1080B4C
:10C600007FF7C1ADB8F1100F3A462D9B9E4F2EDD3E
:10C6100059460C9CC3464FF01009B84637462E4683
:10C620000D9D06E0ABF1100BBBF1100F01F10801FD
:10C6300018DD013394481032072BC1E90009CDE918
:10C640002D32EFDD2CAA2946204602F013F90028EE
:10C650007FF438ADABF1100BBBF1100FDDE92D32DB
:10C660002FA9E6DC35463E464746D8468B46013381
:10C67000CBF80070072B08EB0207CDE92D37CBF87C
:10C68000048000F325820BF1080B7CE52D9B7F498C
:10C69000CBF8001001337D1C0121072B2E952D9323
:10C6A000CBF8041000F34A850BF1080B002A40F088
:10C6B000E084079B129A03F0010313433FF476AD25
:10C6C000169B179A5919CBE900232D9B2E91013304
:10C6D000072B2D9300F3EF850BF1080B089ACBF88D
:10C6E0000020129ACBF8042001335518072BCDE90E
:10C6F0002D357FF759ADDDE90C012CAA02F0BAF80F
:10C7000000287FF4DFAC2E9D0DF1BC0B4EE5129B93
:10C71000012B0BF1080640F37A81089BCBF800301F
:10C720002D9B013301370122072B2E972D93CBF838
:10C73000042000F3F981169A03F10108179BD5191B
:10C74000B8F1070FC6E90032CDE92D8500F3F88175
:10C750000836129BDDE9140103F1FF3900220023A2
:10C76000F4F71CFC002840F08B81089CC6F804906C
:10C7700008F1010801344D44B8F1070FCDE92D85CA
:10C78000346000F3598108361A9A726008F1010387
:10C790001544072B28AACDE92D353260ABDC06F114
:10C7A000080B03E5102FDDE92D21DFF8E4802DDDF6
:10C7B0001D934346CDE92045B046DDE90C451E46B4
:10C7C00004E0103F102F0BF1080B19DD013210317E
:10C7D0001023072ACDE92D21CBF80060CBF80430D7
:10C7E000EFDD2CAA294620460DF1BC0B02F042F8E1
:10C7F00000287FF467AC103F102FDDE92D21E5DC28
:10C80000DDE9204530461D9B4646804601323944CD
:10C81000072ACBF80080CBF804702E912D9200F3FC
:10C82000A9839DF893200BF1080B7DE4189C58A96F
:10C8300003F00F001B09205C01F8010D43EA0273AD
:10C84000120953EA0200F3D158ABCDE907615E1A31
:10C85000FFF7FFBBDDE90C012CAA1D9302F00AF8DB
:10C8600000287FF42FAC2E9F1D9B0DF1BC0B6FE4B5
:10C87000DDE90C012CAA01F0FDFF00287FF422ACB9
:10C880002E9F0DF1BC0B75E44C3D0108483D01089D
:10C890005C3D0108102C2D9BDFF8D88223DD474634
:10C8A000DDF83490DDF83080102604E0103C102CC8
:10C8B0000BF1080B16DD01331035072BCBE90076A1
:10C8C000CDE92D35F2DD2CAA494640460DF1BC0BD1
:10C8D00001F0D0FF00287FF4F5AB103C102CDDE90F
:10C8E0002D35E8DCB84601332544072BCBE900841D
:10C8F000CDE92D357FF763ACDDE90C012CAA01F001
:10C90000B9FF00287FF4DEAB2E9D58E4269A002A5A
:10C910007FF7BCAE109E129A089B9642A8BF16469F
:10C92000002E1A441D920BDDCBE900362D9B0133FE
:10C930003744072B2E972D9300F39B850BF1080BA3
:10C94000109D002EA8BFAD1B002D00F3F081109BA1
:10C95000DDF820909944079B5E0500F10D82269C2E
:10C96000129B9C4203DB079AD50740F18E84169BED
:10C97000179ADD19CBE900232D9B2E950133072B48
:10C980002D9300F3D6850BF1080B129B1C1B1D9BEE
:10C99000A3EB0906A642A8BF2646002E0DDD2D9B5F
:10C9A000CBF8009001333544072BCBF804602E956B
:10C9B0002D9300F3D8850BF1080B002EA8BFA41B04
:10C9C000002C7FF7F3AB102C2D9B6B4F40F3FE82B6
:10C9D000DDE90C89102605E00BF1080B103C102C4A
:10C9E00040F3F48201331035072BCBE90076CDE913
:10C9F0002D35F1DD2CAA4946404601F03BFF0028C9
:10CA00007FF460ABDDE92D350DF1BC0BE6E7079B4C
:10CA1000DC073FF582AE089BCBF800302D9B03F17D
:10CA200001087D1C0123B8F1070F2E95CDF8B480C5
:10CA3000CBF804307FF7A8AEDDE90C012CAA01F099
:10CA400019FF00287FF43EABDDE92D852FAE9BE674
:10CA5000302900F0C882089A07963023023802F87D
:10CA6000013C58AB1E1A0890FFF7F3BAB9F1000F5A
:10CA70007FF4B1AA079658AB4E460893FFF7E9BA80
:10CA8000129B012B7FF780AE112B3B4F40F3E482CA
:10CA900043461024DDE90C8B06E00836A9F11009A5
:10CAA000B9F1100F40F3D78201331035072BC6E9D7
:10CAB0000074CDE92D35F0DD2CAA5946404601F031
:10CAC000D9FE00287FF4FEAADDE92D352FAEE5E77B
:10CAD000DDE90C012CAA01F0CDFE00287FF4F2AABA
:10CAE0002E9F0DF1BC0BFFF74EBB0F9951F8043B85
:10CAF0000F9116F010010CD116F0400004D00A4638
:10CB00009BB20121FFF786BA16F400721CBFDBB29C
:10CB100002460121FFF77EBA5B42079E62EB4202AA
:10CB20002D200121FFF777BADDE90C012CAA01F0D5
:10CB3000A1FE00287FF4C6AADDE92D372FAEFAE565
:10CB4000DDE90C012CAA01F095FE00287FF4BAAAB9
:10CB5000DDE92D852FAEFCE59AF800500F93FFF725
:10CB600085B9079A920500F1A083DA171146FFF7FD
:10CB70001FBA00BF5C3D01084C3D0108DDE914010E
:10CB800002460B46F4F73CFA002840F0BF85612DC1
:10CB900000F08C84412D00F0F684B9F1FF3F00F0E5
:10CBA000A58325F02003472B04D1B9F1000F08BF5E
:10CBB0004FF00109DDE91412079C002A44F480704B
:10CBC0000990C0F2AA84CDE9221200231D930E938E
:10CBD000A5F14103252B00F2BF82DFE813F091039A
:10CBE000BD02BD02BD028A038E03BD02BD02BD02AD
:10CBF000BD02BD02BD02BD02BD02BD02BD02BD023D
:10CC0000BD02BD02BD02BD02BD02BD02BD02BD022C
:10CC1000BD02BD02BD02BD02BD02BD02BD02BD021C
:10CC2000BD02BD02BD028A038E03079BDD0600F133
:10CC3000FC81079B5C0600F13283079B980540F15D
:10CC4000F4810F9B0B9A1B681A70FFF7F2BB199BBC
:10CC50009AF80050002B3FF409A91B78002B3FF4F1
:10CC600005A9079B43F480630793FFF7FFB8BD4B0B
:10CC70001893079B13F0200200F002810F9B0733EB
:10CC800023F0070319465A6851F8083B0F9107989B
:10CC9000C1070AD553EA020107D040F0020107910B
:10CCA00030218DF895508DF89410079921F4806605
:10CCB0000221FFF7AFB9079EFFF78ABBAA4B189373
:10CCC000D7E7DDE90C012CAA01F0D4FD00287FF4A0
:10CCD000F9A92E9D0DF1BC0BFFF7F6BB43F40073D1
:10CCE0009AF8015007930AF1010AFFF7BFB843F021
:10CCF00020039AF8015007930AF1010AFFF7B6B82A
:10CD00000C984021FDF7DEFD0D9B1860186100288E
:10CD100000F0B8840D9A40235361FFF770B808986B
:10CD20000F97F3F74DFAB1460646FFF7F8BA102D04
:10CD30003A462D9B8D4F40F3E081DDE90C481026EB
:10CD400005E00BF1080B103D102D40F3D6810133A7
:10CD50001032072BCBE90076CDE92D32F1DD2CAA7C
:10CD60004146204601F086FD00287FF4ABA9DDE9AD
:10CD70002D320DF1BC0BE6E71199CDF880A05A4693
:10CD800038467A4EDDF864A01C9BDDF834B04F467F
:10CD90004FF01008DDF84C9081B3B9F1000F00F0AE
:10CDA000FC8009F1FF391B99C2E900132D9901316B
:10CDB000184407292E902D9173DC08321D9C9AF897
:10CDC0000010E51B8D42A8BF0D46002D0CDD2D99EE
:10CDD000013128440729C2E900752E902D9100F3F6
:10CDE00008819AF800100832002DACBF4C1B0C468D
:10CDF000002C12DC0F4411990029CED1B9F1000F9B
:10CE0000CFD11D9BCDF864A0B9469945DDF880A02F
:10CE10009346074628BF9946A1E5102C2D9940F36B
:10CE200087840C9D0893109604E0103C102C02F1AE
:10CE3000080215DD013110300729C2E90068CDE98B
:10CE40002D10F2DD2CAA5946284601F013FD0028CA
:10CE50007FF438A9103C102CDDE92D102FAAE9DC55
:10CE6000089B109D1560013120440729CDE92D1044
:10CE7000546000F30B839AF8001008320F44BAE7AD
:10CE80000F9951F8043B0F91079911F010017FF4AD
:10CE9000FEAE079A12F0400000F028819BB20A46CD
:10CEA000F5E60C9808932CAA594601F0E3FC0028FB
:10CEB0007FF408A92E98089B2FAA7FE706F48067C5
:10CEC0000996CDE907A5DFF8A880199E4FF0000C60
:10CED00058AC05E00A2B72F1000235D353462A46BE
:10CEE000991841F10001A8FB010525F0030000EBB2
:10CEF0009500091A581A4FF0CC3562F1000E05FB67
:10CF000000F508FB0E55A0FB08A005440AF0010E31
:10CF10000520AEFB000E40184FEA5A0A303004F8E4
:10CF2000010C4AEAC57A0CF1010C013C6D08002F96
:10CF3000D0D031788C45CDD1BCF1FF0FCAD00A2BAF
:10CF400072F1000280F0ED801996DDE9085658ABC9
:10CF5000DDF81CA0CDF848C0CDE907641E1BFFF723
:10CF600078B800BF2C3D0108183D01084C3D010870
:10CF7000CDCCCCCCDDE90C012CAA1D9301F07AFCC0
:10CF800000287FF49FA89DF893201D9B0DF1BC0BFA
:10CF9000FFF7CAB8079EFFF719B8119901390AF1CE
:10CFA000FF3A1191FFE60129079E7FF4C6AAFFF719
:10CFB00012B8DDE90C012CAA01F05CFC00287FF41A
:10CFC00081A82E9F0DF1BC0BFFF767BA01332544F2
:10CFD000072BCBF80070CBF80440CDE92D357FF757
:10CFE000E3A8FFF788BB089A079658AB9E1AFFF78D
:10CFF00030B80C9808932CAA594601F03BFC002845
:10D000007FF460A89AF800102E98089B2FAAEBE6F0
:10D01000DDE90C012CAA01F02DFC00287FF452A8B8
:10D020002E9F0DF1BC0BFFF7A8B80F9B0B9A1B6846
:10D030001A60FFF7FEB94E46062E1A4628BF06268E
:10D0400099460E93BF4B0996CDE910220F9708938E
:10D050001392FFF70AB8984608F101084D44B8F159
:10D06000070FCDE92D853760C6F804907FF78BABAD
:10D07000E2E4169B17985919CBE900032D9B2E91DA
:10D080000133072B2D9300F316810BF1080B002AB7
:10D09000BFF624AB56421032AB4F80F2CB82DDE9B3
:10D0A0000C48102505E00BF1080B103E102E40F344
:10D0B000C18201331031072BCBE90075CDE92D3149
:10D0C000F1DD2CAA4146204601F0D4FB00287EF475
:10D0D000F9AFDDE92D310DF1BC0BE6E7079A12F44B
:10D0E00000721CBFDBB20246FEF790BF079A12F433
:10D0F00000721CBFDBB20246C9E50133CBF80070F9
:10D10000072B05EB0207CDE92D37CBF8045000F3D0
:10D11000E0800BF1080B1AE42D228DF89320FFF725
:10D12000A2B81C9B1B99E41A1A462046FEF7B6FAD1
:10D13000737803B101364FF0000CCFE6DDE90C0146
:10D140002CAA01F097FB00287EF4BCAF269A2E9DF6
:10D150000DF1BC0BFFF7AABA4F460223CDE9003709
:10D160002AAB049327AB039326AB02930C98DDE91B
:10D170002223F4F7ADF9672D089000F00682472DC1
:10D1800000F09582089B25F02008B8F1460F03EBCC
:10D19000070605D11B78302B00F0DC82269F3E4429
:10D1A000DDE9220100220023F3F7F8FE002800F059
:10D1B0003C813346089A9B1A1293269A1092B8F132
:10D1C000470F00F02081B8F1460F00F0F681531EA2
:10D1D000612D269300F0D682412D40F01C81502114
:10D1E0000120002BB6BFC2F101032B222D22092BF7
:10D1F0008DF8A0108DF8A12040F335820DF1AF0617
:10D20000524F32461046A7FB0312D20802EB8201AE
:10D21000A3EB4101303100F8011C19466329134684
:10D2200000F1FF32EEDC303302F8013C831EB342E2
:10D2300080F0B4820DF1A10213F8011B02F8011F66
:10D24000B342F9D158AB181AA0F1AD031A93129B4F
:10D250001A9A012B03EB020640F32582169B1E440B
:10D2600024F4806343F4807307930023CDE91033E3
:10D2700026EAE672139309921D9B002B40F0CE80A4
:10D280009DF893209946FEF7F0BE1D9A1C1BA2EB59
:10D290000906A6423D46A8BF2646FFF78EBB0F9B58
:10D2A0000B9A1B681A80FFF7C4B843F3C0121146EB
:10D2B0005BB2FEF77DBEDDE90C012CAA01F0DAFAC3
:10D2C00000287EF4FFAEDDE92D31269A0DF1BC0B6E
:10D2D000DDE6DDE90C012CAA01F0CCFA00287EF491
:10D2E000F1AE2E9F0DF1BC0BFFF731BB4FF00609DD
:10D2F00060E409F10107022330E74F4603232DE7DD
:10D3000026AADDE9220101F035FA00224FF07F5311
:10D31000F3F7DCFB0022002306460F46F3F73EFE40
:10D32000002840F0B7810A4B079309F1FF33CDE99C
:10D33000209B1195CDE9124ADDF82080DDF81CB064
:10D340001D460DE0403D01084C3D0108CDCCCCCC44
:10D350002C3D010800220023F3F720FEF0B94D46D2
:10D36000AB4B002230463946F3F7B0FB0F4606467A
:10D37000F3F75CFE0446F3F73FFB0B4602463946E3
:10D380003046F3F7EBF91BF80430C24608F8013BCE
:10D390006B1C05F1FF3906460F46DBD19D4B1095FE
:10D3A000002230463946119D1194DDE9209B129CE4
:10D3B000CDF848A0DDF84CA0F3F718FE002840F0A7
:10D3C0000A81944B304639460022F3F7E7FD18B145
:10D3D000119BDF0700F1FF80109B002BC0F216812C
:10D3E000109B01334344302208F8012B4345FBD105
:10D3F000089A9B1A129325F02008DEE6089A2A9BC9
:10D400009B1A269A1293D31C109201DB914518DACD
:10D41000531E023D2693E9B20020E2E62D228DF84C
:10D4200093204FF00009FEF722BE2A9BB342BFF4BF
:10D43000C1AE30215A1C2A9219702A9B9E42F9D8FB
:10D44000B8E6129B934200F3A780E30740F15C81AA
:10D45000169BD618670502D5002A00F32F81099B79
:10D46000079326EAE6730993672500231393119324
:10D4700002E7DDE90C012CAA01F0FCF900287EF49A
:10D4800021AE2E9F0DF1BC0BFFF75ABA0C980893F2
:10D490002CAA594601F0EEF900287EF413AE9AF852
:10D4A00000102E98089B2FAA0F44A4E478238DF82F
:10D4B000953030238DF89430079BB9F1630F43F01A
:10D4C000020400F3AB8000230E933FAB0893079B4D
:10D4D00043F481730993159B002B21DB00231D93DB
:10D4E000DDE91423CDE92223612D7FF471AB26AA57
:10D4F000DDE9220101F03EF900224FF07F53F3F7FE
:10D50000E5FA0022002306460F46F3F747FD002800
:10D5100040F0C080404B079307E70023079C0E9321
:10D52000DDE9142303F1004323932D2322921D935D
:10D53000DAE7DDE90C012CAA01F09CF900287EF461
:10D54000C1AD269C2E9D0DF1BC0BFFF71EBA4E46B9
:10D55000CDF82490CDE910009DF893200F978146D7
:10D560001390FEF782BDDDE90C012CAA01F082F9CF
:10D5700000287EF4A7AD269C129B2E9D1C1B0DF14E
:10D58000BC0BFFF71ABA582391E7E6077FF536AFD1
:10D59000C6194FF0470803E6129B169A9E18109B77
:10D5A000002B40F3C8806725620500F18880099B45
:10D5B000079326EAE673099357E7109A04F00103EC
:10D5C000002A43EA090340F3D580002B40F0BD80D8
:10D5D000109E6625E8E7129B079A2A93D17B18F8DC
:10D5E000013C8B42424609D1302002F8010C2A9AB4
:10D5F000531E2A9312F8013C9942F6D0392B0BBFE7
:10D60000079B01339B7ADBB202F8013C4346EFE60D
:10D61000000030400000E03F183D01080C9809F17F
:10D620000101FDF74FF90890002800F0C980089B20
:10D630000E934CE701333144072BCDE92D31CBF864
:10D640000070CBF804607FF747A8DDE90C012CAA35
:10D6500001F010F900287EF435ADDDE92D310DF132
:10D66000BC0BFFF73BB8002840F0818030228DF8DA
:10D67000A2200DF1A302303302F8013B28ABD31AEC
:10D680001A93E4E50C9A0C2313604FF0FF330B93CD
:10D69000FEF723BD4E4B4F4A612D18BF1A4601239A
:10D6A0000792269341E6E2077FF5DAADD6E5E1077A
:10D6B0007FF5A4AE089BA846DE1971E56725199988
:10D6C0000B78FF2B78D00024109A204603E001301D
:10D6D0000131FF2B08D0934206DAD21A4B78002B87
:10D6E000F5D10B780134F4E719911190139410924D
:10D6F000099B119A0793139B13441C9A02FB036620
:10D7000026EAE6730993B7E51646A3E6159B324C65
:10D71000002B079BA8BF9DF8932023F08003B8BF80
:10D720002D220793B8BF8DF893202C4BFEF7A1BD97
:10D730002B4DFFF797BBC3F101031E44099A0792D3
:10D7400026EAE673099367258FE6169BD6184E44A2
:10D75000662529E7DDE9220100220023F3F71EFCFC
:10D7600000287FF41BADC7F10107269717E50DF1DF
:10D77000A20280E743B9099B079301230993662519
:10D780001E4672E670212BE5099B0793169B5E1CD3
:10D790004E4426EAE6730993662566E602231A9349
:10D7A00055E50F9B9AF80150924653F8042B0F93BE
:10D7B00042EAE279FEF75ABB00231393119397E7ED
:10D7C0000D998B8943F0400213468A81FEF782BC93
:10D7D0002C3D0108183D0108103D0108143D0108C9
:10D7E0004C3D010838B52F4B1B6805460C460BB164
:10D7F0009A6B02B3B4F90C30180723D522695AB3D7
:10D8000013F0010107D0616900204942A060A161C5
:10D810003AB1002038BD980758BF6169A160002A5D
:10D82000F7D1190658BF1046F4D543F04003A38141
:10D830004FF0FF3038BD184600F088F9B4F90C30CD
:10D840001807DBD4D90628D55A0712D4226943F029
:10D850000803A381002AD3D103F42071B1F5007F1E
:10D86000CED02146284600F06BFBB4F90C3022697B
:10D87000C6E7216B51B104F14002914204D0284621
:10D8800000F038FAB4F90C3000222263226900213A
:10D89000C4E9002123F02403D9E709222A6043F0D8
:10D8A0004003C4E7580A00202DE9F04F03690C69D2
:10D8B000A34283B0C0F28A80013C01F1140500F15B
:10D8C000140855F8243058F8242001339A428E4623
:10D8D00081464FEA840105EB840708EB840AB2FB1A
:10D8E000F3F63AD3CDE900150022AC464046134684
:10D8F0005CF8041B05681FFA81FB06FB0B22090C70
:10D900004FEA124B06FB01BB92B2A9B2891A194425
:10D910001FFA8BF3C3EB214303EB154389B241EAB2
:10D920000341674540F8041B4FEA1B424FEA23437B
:10D93000DED2DDE9001558F8013073B9AAF1040A06
:10D94000D04504D307E0D04504F1FF3403D25AF8A0
:10D950000439002BF7D0C9F810407146484600F052
:10D96000D9FD00282EDB4146002255F8040BD1F8E2
:10D9700000C01FFA80FE1FFA8CF3A3EB0E031344C2
:10D98000020CC2EB234202EB1C429BB243EA02436D
:10D99000AF4241F8043B4FEA2242E6D258F8242035
:10D9A00008EB84036AB9043B984504D307E0984523
:10D9B00004F1FF3403D253F80429002AF7D0C9F840
:10D9C00010400136304603B0BDE8F08F002003B0B0
:10D9D000BDE8F08FF8B5B1F90C30074618070C46D2
:10D9E00039D44A68002A53DDA56A002D31D00022BF
:10D9F0003E683A6013F48052E16955D101233846FC
:10DA0000A847411C02465ED0B4F90C30A56AE16912
:10DA10005B0705D56368D21A236B0BB1E36BD21A8F
:10DA200000233846A847451C40D000236360236983
:10DA30002360A389D90400D52065216B3E6041B1E4
:10DA400004F14003994202D0384600F053F9002314
:10DA500023630020F8BD0E69002EFAD09B070D68E5
:10DA600008BF4B690E6018BF0023AD1B8B600CE034
:10DA7000D4F824C0E1692B4632463846E047B0F17D
:10DA8000000CA5EB0C05664406DD002DF0DCE0E79C
:10DA9000CA6B002AA8DCDCE7B4F90C3043F0400381
:10DAA000A3814FF0FF30F8BD226DB1E73A68B4F9B9
:10DAB0000C308AB11D2A01D0162AEFD12369002229
:10DAC000C4E90032B9E73B68002B9DD01D2B01D083
:10DAD000162BE1D13E60BCE7626022692260DA0465
:10DAE000AAD4AAE738B50C46054608B1836BA3B1A2
:10DAF000B4F90C00B8B1636EDB0701D4810515D50C
:10DB000028462146FFF766FF636EDA07054602D412
:10DB1000A3899B050ED5284638BD00F017F8B4F947
:10DB20000C000028E7D10546284638BDA06D03F05B
:10DB30002CFFE5E7A06D03F02EFF284638BD00BF9F
:10DB4000014900F0D5B900BFE5DA00082DE9F0473A
:10DB50008246394803F019FFDAF83840002C66D1C4
:10DB6000DAF80450354ACAF83C200323CAE9534383
:10DB7000DFF8CC90DFF8CC80334F344E04230AF525
:10DB8000AC72CAF854212146EB60C5E90044C5E9EE
:10DB90000444AC606C660822AC6105F15C00FDF7E2
:10DBA000FDF9C5E90759C5E90987EE6205F1580095
:10DBB00003F0DFFEDAF80850254BEB602146C5E99B
:10DBC0000044C5E90444AC606C66AC61082205F110
:10DBD0005C00FDF7E3F9C5E90759C5E90987EE627D
:10DBE00005F1580003F0C5FEDAF80C50194BEB6054
:10DBF0002146C5E90044C5E90444AC606C66AC61EB
:10DC0000082205F15C00FDF7C9F905F15800C5E9E6
:10DC10000759C5E90A76C5F8248003F0AAFE012356
:10DC2000CAF838300448BDE8F04703F0B4BEBDE898
:10DC3000F047014803F0AFBEC00C002041DB0008F4
:10DC4000E5E7000809E8000849E800086DE8000871
:10DC50000900010012000200F8B5234F0C460646E9
:10DC6000FDF7EEF9BB685D6825F0030505F6EF7377
:10DC7000191B21F47F6121F00F01A1F58054B4F547
:10DC8000805F07DB00213046FDF788FBBB682B4433
:10DC9000984204D03046FDF7D9F90020F8BD614222
:10DCA0003046FDF77BFB01300DD0104ABB682D1BC1
:10DCB00045F001055D60136830461B1B1360FDF7DE
:10DCC000C5F90120F8BD00213046FDF767FBBA68B1
:10DCD000831A0F2BDEDD43F001035360044B03492D
:10DCE0001B68C01A0860D5E790020020D8230020E6
:10DCF0005C0A002000297CD0F8B50C460646FDF7EA
:10DD00009FF954F8043C774FA4F1080523F0010172
:10DD10006818D7F808C04268844522F0030200F072
:10DD20008380DB07426000EB020C33D454F8084CCC
:10DD3000DCF804302D1B2144AC6807F1080C644565
:10DD400003F0010364D0D5F80CE0C4F80CE0CEF881
:10DD50000840002B00F0818041F001036B600160FE
:10DD6000B1F5007F22D27868CB080122490901333E
:10DD70008A40024357F833107A6007EBC302083A2F
:10DD8000C5E9021247F83350CD603046BDE8F8408F
:10DD9000FDF75CB9DCF80430DB072BD541F001035B
:10DDA000B1F5007F44F8043C0160DCD3B1F5206F8D
:10DDB0004FEA512353D28B0903F1390003F13802A2
:10DDC000C300F818FB580838984203D163E09B68F9
:10DDD000984204D05A6822F003028A42F7D8D868E1
:10DDE000C5E902308560DD603046BDE8F840FDF7EA
:10DDF0002DB97047114407F1080C836863453FD083
:10DE0000C268DA60936041F001036B606950A7E774
:10DE1000002B61D10A44D0E90213CB60996042F033
:10DE200001036B60AA50B0E70A44D90707D454F83D
:10DE3000083CED1A1A44D5E90213CB60996042F010
:10DE400001036B60284BBD601B6893429DD8274B34
:10DE500030461968FFF700FF97E71144CDE7142B10
:10DE600008D9542B1FD80B0B03F16F0003F16E027E
:10DE7000C300A6E703F15C0003F15B02C300A0E767
:10DE800041F001033D617D61C5F808C0C5F80CC0D3
:10DE90006B60695079E779689210012404FA02F204
:10DEA0000A437A609CE7B3F5AA7F06D8CB0B03F14F
:10DEB000780003F17702C30083E740F254529342A3
:10DEC00006D88B0C03F17D0003F17C02C30078E7D8
:10DED0004FF47E737E2274E741F001036B600160B2
:10DEE00053E700BF90020020600A002008240020B1
:10DEF0002DE9F8430746884600F5A6764FF000095D
:10DF0000D6E90154013D11D4A389012B05F1FF3558
:10DF100008D9B4F90E300133214603D03846C04742
:10DF200049EA00096B1C04F16804EDD13668002E43
:10DF3000E6D14846BDE8F88300487047540B0020FE
:10DF4000F0B5B1F90C300C46990797B007D504F13C
:10DF500043030122C4E90432236017B0F0BDB4F9D1
:10DF60000E10002905462EDB6A4601F09FFC0028B2
:10DF700027DB019E06F470464FF48067A6F5005635
:10DF8000B6FA86F6394628467609FCF79BFC38B384
:10DF9000A3891B4AEA6343F08003C4E90407A38111
:10DFA0002060002ED9D0B4F90E10284601F010FEE2
:10DFB0000028D2D0A38923F0030343F00103A381F7
:10DFC000CBE7B4F90C3013F0800F0CBF4FF480672F
:10DFD0004027394628460026FCF774FC0028D7D194
:10DFE000B4F90C309A05B8D423F0030304F14302CA
:10DFF00043F002030121C4E90421A3812260ACE7BC
:10E0000041DB0008C36C70B505460C464BB153F8B4
:10E01000240080B1026843F824200023C360036118
:10E0200070BD2122042101F0EBFB0346E8640028C7
:10E03000EDD1002070BD012101FA04F6721D92009D
:10E04000284601F0DDFB0028F3D0C0E90146E4E7F3
:10E0500031B1C36C4A6853F82200086043F82210BB
:10E06000704700BF2DE9F0410D6907460E461C467A
:10E0700001F1140E0020DEF800108BB202FB034306
:10E080004FEA134C090C02FB01CC01309BB203EBAD
:10E090000C4385424EF8043B4FEA1C44EBDC3CB198
:10E0A000B368AB4207DD06EB850301355C61356182
:10E0B0003046BDE8F081716838460131FFF7A2FFB4
:10E0C0008046A8B13269023206F10C0192000C3090
:10E0D000F2F7A6FAFB6C726853F82210316043F82D
:10E0E0002260464606EB850301355C613561DFE75A
:10E0F000024B03484246B52101F062FB7C3D01081A
:10E10000E83D0108B0F5803F034636BF0304002018
:10E110001020B3F1807F3CBF1B020830B3F1805F59
:10E120003CBF1B010430B3F1804F03D3002B06DB4F
:10E13000013070479B0003D45B0003D4202070475C
:10E140000230704703307047036813F0070201463E
:10E1500007D0DA071FD4980721D55B080B60012090
:10E16000704798B2A0B11046DAB20AB908301B0A5B
:10E170001A0704BF1B0904309A0704BF9B0802302A
:10E18000DA0703D45B0800F1010006D00B6070478A
:10E190001B0C1020E8E700207047202070479B08E8
:10E1A0000B600220704700BF38B5C36C04460D46B3
:10E1B0004BB15868B0B102685A6000220123456132
:10E1C000C260036138BD2122042101F019FB03461E
:10E1D000E0640028EDD1094B094800224FF4A071FA
:10E1E00001F0EEFA1C220121204601F009FB002873
:10E1F000F1D00122022342608360DEE77C3D01080A
:10E20000E83D01082DE9F04FD1F810801569A845C7
:10E2100085B00E46924605DB2A46534645468A4659
:10E2200090461E46DAF80830DAF8041005EB0804C8
:10E23000A342B8BF0131FFF7E5FE8446002800F095
:10E240008B8000F1140707EB840E774505D23B461F
:10E25000002243F8042B9E45FBD8143606EB8808B1
:10E260000AF11409464509EB850566D2A5EB0A03B8
:10E27000153B23F003030AF1150A043355452CBF5F
:10E280009B464FF0040BCDF808E00394AE46E246FF
:10E2900005E0090C2AD1B04507F104074AD956F820
:10E2A000041B8DB2002DF4D0CC463C4600230196D1
:10E2B0005CF8040B216886B28AB2000C05FB0622CA
:10E2C000090C1A4405FB001101EB124192B242EA1B
:10E2D0000142E64544F8042B4FEA1143E8D8019E79
:10E2E00047F80B3056F8041C090CD4D03B680022C8
:10E2F00048461D463C469446028801FB02C202EB9A
:10E3000015429BB243EA024344F8043B50F8043BF5
:10E3100025684FEA134CABB201FB0C3303EB1243FD
:10E3200086454FEA134CE7D8B04547F80B3007F164
:10E330000407B4D8DDE902E4D446002C02DC05E091
:10E34000013C03D05EF8043D002BF9D06046CCF8C8
:10E35000104005B0BDE8F08F034B0448624640F220
:10E360005D1101F02DFA00BF7C3D0108E83D010878
:10E3700012F003032DE9F041144607462CD10D4657
:10E38000A4101CD0BE6C86B3E3074FF0000806D47F
:10E39000641014D03068A8B10646E307F8D53246B9
:10E3A00029463846FFF72EFF35B1FB6C696853F8F4
:10E3B00021202A6043F8215064100546EAD12846FE
:10E3C000BDE8F081324631463846FFF71BFF30602A
:10E3D000C0F800800646E0E7013B0F4A52F82320D0
:10E3E0000023FFF73FFE0546CAE701213846FFF745
:10E3F00009FE064640B1012340F27122C0E9043211
:10E400000023B8640360BFE7044B054832464FF46D
:10E41000A07101F0D5F900BF403E01087C3D010824
:10E42000E83D01082DE9F0470C4690462769A368AE
:10E43000496807EB62177D1C9D4206464FEA621948
:10E4400004DD5B009D4201F10101FADC3046FFF77B
:10E45000D9FD8446002851D0B9F1000F00F1140015
:10E460000EDD09F105024FEA820E03460CEB820233
:10E47000002143F8041B9342FBD1AEF1140318446E
:10E48000216904F1140318F01F0803EB81012DD05A
:10E49000C8F1200986464FF0000A1A6802FA08F20D
:10E4A00042EA0A024EF8042B53F8042B994222FA4E
:10E4B00009FAF2D80B1B153B23F00303043304F1D4
:10E4C0001502914238BF042340F803A0BAF1000FAF
:10E4D00000D13D46F36C6268CCF8105053F822101E
:10E4E0002160604643F82240BDE8F087043853F8C5
:10E4F000042B40F8042F9942F9D8EAE7034B04486B
:10E50000624640F2D91101F05BF900BF7C3D010881
:10E51000E83D01080B6984460069C01A15D10CF169
:10E52000140C14310CEB830210B401EB830301E0F3
:10E53000944508D252F8044D53F8041D8C42F7D08C
:10E5400004D24FF0FF3010BC70477047012010BC60
:10E55000704700BF2DE9F04F13690F69FF1A002FB4
:10E5600083B00D46904615D101F11406143202EB2A
:10E57000830206EB830301E09E4276D253F8044DFA
:10E5800052F8041D8C42F7D006D22B46012745468F
:10E59000984601E0F9DB00276968FFF733FD814603
:10E5A000002876D02E69C760D8F8100005F1140B4A
:10E5B00008F1140E09F1140A05F110010EEB8000A8
:10E5C0000BEB860257464FF0000CCDF804B05EF816
:10E5D000044B51F8045F1FFA84FBABB2A3EB0B03AF
:10E5E000240C6344C4EB154404EB23449BB243EA7C
:10E5F0000443704547F8043B4FEA244CE7D8A0EBAE
:10E600000801153989084C1CDDF804B008F115081B
:10E61000A400404538BF04240BEB0405AA4254442F
:10E6200030D92746284650F8043B1CFA83FE190CC3
:10E63000634401EB2E419BB243EA0143824247F817
:10E64000043B4FEA214CEED8013A521B22F0030260
:10E65000144423B954F8043D013E002BFAD0484637
:10E66000C9F8106003B0BDE8F08F0021FFF7CAFCC5
:10E670008146A8B101220023C0E90423484603B023
:10E68000BDE8F08F8900404538BF00210AEB010446
:10E69000DFE7074B07484A464FF4107101F090F846
:10E6A000034B04484A4640F2322101F089F800BF8A
:10E6B0007C3D0108E83D0108F0B5012183B0164614
:10E6C0001F46FFF79FFC0546002847D0C7F30A54B2
:10E6D000C7F313030CB143F48013002E019314D13C
:10E6E00001A8FFF731FD019B6B61012220302A61F7
:10E6F00014B3089BA4F2334404441C60099BC0F18A
:10E7000035001860284603B0F0BD68460096FFF754
:10E710001BFD019B00B30099C0F1200203FA02F235
:10E72000C34001930A43002BC5E905230CBF012216
:10E7300002222A61002CDCD105EB8201A0F23243D7
:10E74000086908990B60FFF7DDFC099BC0EB4210DC
:10E750001860284603B0F0BD009AE4E7034B044874
:10E760002A4640F20A3101F02BF800BF7C3D010837
:10E77000E83D0108DFF860C0F8B521F0004300274C
:10E78000634504460D461646176022D8844653EA70
:10E790000C0C1ED0DFF844C001EA0C0C0A46BCF198
:10E7A000000F09D10E4B0022F2F790F96FF03507F8
:10E7B00004460A4621F0004322F0FF421B1522F4D2
:10E7C000E002A3F2FE3342F07F553B4445F40015CE
:10E7D000336020462946F8BDFFFFEF7F0000F07F41
:10E7E0000000504310B50C46B1F90E1001F02EFA9E
:10E7F000002803DB236D0344236510BDA38923F4A4
:10E800008053A38110BD00BF2DE9F0410C46B1F942
:10E810000C101F46CB05054616460BD421F480513B
:10E82000A1813B46B4F90E1032462846BDE8F041BE
:10E8300000F0B0BFB4F90E100223002201F0DAF9A3
:10E84000B4F90C10EAE700BF10B50C46B1F90E1090
:10E8500001F0D0F9B4F90C30421C0EBF23F4805300
:10E8600043F480532065A38110BD00BFB1F90E10A1
:10E8700000F0F6BF2DE9F04F9368176883B0924619
:10E88000002B74D04FF0000B8B680A6881460C4651
:10E890005D4645E0B4F90C3013F4906F2CD0D4E908
:10E8A0000401161A01EB410202EBD272711C5210E4
:10E8B0002944914292BF904688460A465B0539D565
:10E8C00011464846FBF7FEFF019000283DD0324636
:10E8D0002169F1F7A5FEA289019B22F4906242F022
:10E8E0008002A2819819A8EB0606A660C4F81480DD
:10E8F00023612060A8462E4632465946FCF7CEFAE0
:10E90000DAF80810A3682268A3EB08033244491B15
:10E91000A3602260CAF8081049B3D7E900B50837E8
:10E9200098461046002DF8D09D421E46B2D2A84609
:10E930002E46E1E701464846FCF78EFB03460028D9
:10E94000D0D121694846FFF7D5F9A3890C2243F0BD
:10E950004003C9F800204FF0FF30A38100220023BC
:10E96000CAF80820CAF8043003B0BDE8F08F0020D0
:10E970000023CAF8043003B0BDE8F08F2DE9F04F52
:10E98000BDB0CDE906031C460491914618B1836BD6
:10E99000002B00F03582049A536EB2F90C20D80790
:10E9A00002D4910540F1B085130740F1EE80049B3D
:10E9B0001B69002B00F0E98002F01A030A2B00F01B
:10E9C000F38013AB10930023CDE91133CDE90B3362
:10E9D00009930DF14C0A0A93039399F80030002B28
:10E9E00000F0C3814C4604E014F8013F002B00F016
:10E9F000F980252BF8D1B4EB090540F0F780237896
:10EA0000002B00F0B2814FF000034FF0000B627852
:10EA10008DF83B30CDF808B004F101094FF0FF3814
:10EA200009F10109A2F120035A2B00F20C81DFE861
:10EA300013F0EF020A010A01EA020A010A010A01BF
:10EA40006A000A010A01DF02D9020A01D400C002E9
:10EA50000A01BB025B005B005B005B005B005B00CC
:10EA60005B005B005B000A010A010A010A010A015E
:10EA70000A010A010A010A01D90185000A010A01F5
:10EA80000A010A010A010A010A010A010A010A012E
:10EA900047020A010A010A01BC010A0111020A0126
:10EAA0000A0173050A010A010A010A010A010A01A1
:10EAB0000A010A010A010A01D90187000A010A01B3
:10EAC0000A01AE02870080000A01A1020A01930236
:10EAD0006905FA0280000A01BC017D0067050A0190
:10EAE0000A0191050A017D00A2F13003002119F805
:10EAF000012B01EB810103EB4101A2F13003092B52
:10EB0000F5D902918EE7069D2846FFF715FA43686E
:10EB10000B931846F1F754FB0C9004462846FFF778
:10EB20000BFA83680A93002C40F0CB8499F80020FC
:10EB300076E799F800204BF0200B71E74BF0100BB3
:10EB40001BF0200F00F02281079B073323F00703FF
:10EB500019465A6851F8083B07911146002AC0F23D
:10EB60005B81B8F1FF3F00F0628153EA01022BF0B4
:10EB7000800B40F05C81B8F1000F40F07C85CDF84F
:10EB80000480CDF814803CAC91E1049D06982946A0
:10EB9000FEF728FE002840F09385B5F90C2002F01E
:10EBA0001A030A2B7FF40DAF0499B1F90E30002B34
:10EBB000FFF607AF4B6EDD0702D4900540F15E858E
:10EBC0000499069823464A463DB0BDE8F04F00F050
:10EBD000A1BD029A07935242029299F800204BF08D
:10EBE000040B1DE7B4EB090500F0BF80119B129ADE
:10EBF00001332A44072BCAE900951292119305DCD0
:10EC00000AF1080A039B2B440393F8E61AB9119200
:10EC10000DF14C0AF6E70499069810AA00F05CFE84
:10EC20000023CDE911330028F2D0049B5A6EB3F9CA
:10EC30000C30D10740F1A0805B0600F14D850398B0
:10EC40003DB0BDE8F08F002A00F08F8000238DF8E2
:10EC50003B3001238DF88C200193059323AC4FF0BA
:10EC600000081BF0020602D0019B02330193DDE98C
:10EC700011201BF0840302F1010C6146089305D1B9
:10EC8000DDE901535D1B002D00F336839DF83B50F9
:10EC9000002D00F0FB810DF13B020130CAF800208D
:10ECA00007294FF00102CDE91110CAF8042040F302
:10ECB000E98148B110AA0499069800F00DFE0022DF
:10ECC000CDE911220028B0D1002E00F0F2810220FF
:10ECD0000FAB1490139301210DF14C0A0A460AF16F
:10ECE000080A0131089B802B00F0ED81059BA8EB01
:10ECF0000307002F00F33082059BCAF80040184438
:10ED00000729CDE91110CAF8043040F374820028B5
:10ED100040F0CF8211901BF0040F00F0AC82DDE9CF
:10ED200001239C1A002C12980DF14C0A00F36F82FB
:10ED3000DDE9022301998A42ACBF9B185B1803935B
:10ED400050B10499069810AA00F0C6FD0023CDE941
:10ED5000113300287FF469AF0023119399F8003034
:10ED60000DF14C0A002B7FF43DAE129B002B40F0BE
:10ED700094840023119358E79A053FF55DAF049CF6
:10ED8000A06D02F008FEB4F90C3055E7079A1BF0AD
:10ED9000100F52F8043B079239D11BF0400F32D0CC
:10EDA00043F3C0310A461BB2D8E6079D55F8044B21
:10EDB00000268DF83B60002C00F03584B8F1FF3F51
:10EDC00000F0FD83424631462046F1F7D9FB00288A
:10EDD00000F05984031B059323EAE3730795B046BB
:10EDE000019364E0079B00228DF83B2053F8042B2D
:10EDF000079301238DF88C200193059323AC2EE714
:10EE0000FEF7A4FEC7E51BF4007F40F02984D91764
:10EE10000A46002ABFF6A5AE5B4261EB41012D22F6
:10EE2000B8F1FF3F8DF83B2001D02BF0800B0A2B6F
:10EE300071F1000280F0E3823033DBB28DF8EF3005
:10EE40004346012BB8BF01230193012305930DF124
:10EE5000EF042CE04BF0100212F0200100F0C08211
:10EE6000079B073323F007031846596850F8083BFF
:10EE700007900020B8F1FF3F8DF83B0000F0CC83F5
:10EE800053EA010022F0800BD1D10120B8F1000F2C
:10EE900038D100287FF473AE12F00102059200F021
:10EEA000FD8230238DF8EF3001920DF1EF049DF8D3
:10EEB0003B30002B3FF4D5AE019B01330193D0E6EC
:10EEC0004BF0100212F0200100F07B82079B073309
:10EED00023F007031846596850F8083B07900020B4
:10EEE000B8F1FF3F8DF83B0022F4806B12D022F482
:10EEF000906453EA010240F08D835A46A346B8F16C
:10EF0000000FC6D0012800F0B6830023022819465E
:10EF100000F0DC813CAC03F00702DB0843EA4173FC
:10EF2000C908303253EA0105204604F8012DF2D118
:10EF30001BF0010F00F0D881302A00F0D58130237A
:10EF4000023804F8013C3CAB1B1A43450593B8BF9B
:10EF5000434604460193AAE71BF0200F00F0BF824E
:10EF6000079B039A1B681A60D2175A60079B0433E9
:10EF7000079332E599F800206C2A03BF99F8012025
:10EF80004BF0200B09F101094BF0100B48E599F803
:10EF90000020682A03BF99F801204BF4007B09F197
:10EFA00001094BF0400B3BE599F800204BF0800B3A
:10EFB00036E5494611F8012B2A2A00F09F83A2F179
:10EFC0003003092B89464FF000083FF62BAD19F8A6
:10EFD000012B08EB880803EB4808A2F13003092B4A
:10EFE000F5D91FE52B2399F800208DF83B3017E564
:10EFF000079B53F8042B0292002AFFF6EAAD99F81A
:10F00000002007930CE599F800204BF0010B07E571
:10F010009DF83B3099F80020002B7FF401AD2023B0
:10F020008DF83B30FCE4079A52F8043B079247F610
:10F030003002ADF83C20B74A09924BF0020B002198
:10F040004FF00002B8F1FF3F8DF83B2000F03E8109
:10F0500053EA01022BF0800040F037815A46834684
:10F06000022013E7002840F08B829DF83B2001210D
:10F07000002A00F081820DF13B02149113920DF1F0
:10F080004C0A08460A460AF1080A0131002E3FF4EC
:10F0900029AE0FAB0230CAF8003007294FF0020347
:10F0A000CDE91110CAF804307FF718AE002840F0FF
:10F0B0007C81089B0022802B4FF0010110460DF14E
:10F0C0004C0A7FF413AEDDE901535F1B002F7FF77D
:10F0D0000DAE102F40F3F182D6468F4DCA46002662
:10F0E000C146A046069C07E0103F102F02F1020C1B
:10F0F0000EF1080E0A4617DD511C103010230729A7
:10F10000CDE91110CEF80050CEF80430ECDD10AA95
:10F11000002840F0B980103F0022102F4FF0010C62
:10F1200010460DF14C0EE7DC4446C846D146F24687
:10F130003844BCF1070FCAE90057CDE911C000F30C
:10F14000B181059BA8EB0307002F0AF1080A0CF117
:10F15000010162467FF7D0AD6F4D102F2ADD2B469F
:10F16000D4462546069EDDF810A04FF010081C4638
:10F1700007E0103F102F02F102010CF1080C1A46B3
:10F1800014DD531C1030072BCCE90048CDE91130B9
:10F19000EFDD10AA002840F08180103F0022102FE0
:10F1A0004FF0010110460DF14C0CEADC2346E2461B
:10F1B0002C461D4638440729CDE91110CAF80050E5
:10F1C000CAF8047003DC0AF1080A013194E550B171
:10F1D0000499069810AA00F07FFB0023CDE91133B3
:10F1E00000287FF422AD0598139401231490129007
:10F1F00011930DF14C0A1BF0040F3FF499ADDDE9BA
:10F2000001239C1A002C0AF1080A7FF791AD102CFB
:10F21000119A40F34F82414F069EDDF810B0102541
:10F220004FF0000807E0103C102C02F102010AF137
:10F23000080A1A4614DD531C1030072BCAE9007562
:10F24000CDE91130EFDD10AA002840F0A480103C79
:10F250000022102C4FF0010110460DF14C0AEADC9F
:10F2600020440729CAE90074CDE911107FF760AD89
:10F27000002840F09781DDE9022301998A42ACBF62
:10F280009B185B18039367E50499204600F024FB64
:10F29000CDE9116600283FF43EAFC6E45146304642
:10F2A00000F01AFB0023CDE9113300283FF475AFBD
:10F2B000BBE40499069810AA00F00EFB0023CDE9E8
:10F2C000113300283FF427ADAFE4834609983CACE6
:10F2D00003F00F021B09825C04F8012D43EA01735D
:10F2E000090953EA0102F3D13CAB1B1B43450593CB
:10F2F000B8BF43460193DAE5102D40F3CB810D965C
:10F30000D446064F049ECA461023C146A046089C18
:10F310000FE000BF183D01084C3E01085C3E0108AB
:10F32000103D102D02F1020E0CF1080C0A4613DDFF
:10F33000511C10300729CCE90073CDE91110EFDD25
:10F3400010AA3146F0B9103D0022102D4FF0010EE9
:10F3500010460DF14C0CEBDC0D9E4446C846D146E0
:10F36000E2462844BEF1070FCDE911E0CAF800706B
:10F37000CAF804503FF776AE0AF1080A0EF101010F
:10F38000724683E4069800F0A7FACDE911441023F1
:10F390000028D8D049E45946304600F09DFACDE91E
:10F3A000118800283FF453AF3FE40499069810AA4F
:10F3B00000F092FA0023CDE9113300283FF479AE32
:10F3C00033E4079850F8043B079012F010007FF4E4
:10F3D00086AD12F0400400F036819BB201467EE516
:10F3E000079850F8043B079012F010007FF441ADED
:10F3F00012F0400400F02D819BB2014639E5CDF8B2
:10F400001480B84FDDF82880CDF804B00BF4806686
:10F410004FF0000C3CAC05E00A2B71F1000136D333
:10F420005B4629465A1842F10002A7FB020525F067
:10F43000030000EB9500121A981A4FF0CC3561F1D9
:10F44000000E05FB00F507FB0E55A0FB07B00544B9
:10F450000BF0010E0520AEFB000E80184FEA5B0B8F
:10F46000303004F8010C4BEAC57B0CF1010C013C77
:10F470006D08002ED0D098F800206245CCD1BCF1A8
:10F48000FF0FC9D00A2B71F1000180F0B480CDF8D4
:10F490002880DDF804B0DDF8148025E7CDF804807D
:10F4A0003CAC04E5002840F09480059BA8EB0307E2
:10F4B000002F7FF798AE0020024601210DF14C0A83
:10F4C0004BE60A9B99F80020002B3FF4A9AA1B7871
:10F4D000002B3FF4A5AA4BF4806BFFF7A1BA1BF0F9
:10F4E000100F40F09B801BF0400F40F0BF801BF4DA
:10F4F000007F00F09380079B039A1B681A7035E524
:10F500005A46A9E45A46DDE4049DA86D02F03DFA8E
:10F51000B5F90C20FFF748BA734B09931BF0200193
:10F520001DD0079B073323F007031846596850F88E
:10F53000083B07901BF0010F09D053EA010006D0E9
:10F540008DF83D2030224BF0020B8DF83C202BF43F
:10F55000806B75E5654B09931BF02001E1D107989D
:10F5600050F8043B07901BF01000E3D11BF040045F
:10F5700063D09BB20146DDE710460DF14C0A85E5EC
:10F5800010AA0499069800F0A7F90022CDE91122EB
:10F5900000287FF44AAB9DF83B200121002A7FF42C
:10F5A0006AADE9E70499069810AA00F095F90023DE
:10F5B000CDE9113300283FF45EAEFFF736BB20469D
:10F5C0000795F0F7FDFD20EAE073B0460590019342
:10F5D0006DE40499069810AA00F07EF90023CDE9A5
:10F5E000113300287FF421AB059BA8EB0307002F04
:10F5F0007FF7F9AD5FE70C9B0B99E41A1A4620469A
:10F60000FCF74CF898F801300BB108F101084FF005
:10F61000000C05E7A3467DE4934608E4079B039AA4
:10F620001B681A60A2E44346062B28BF0623304C11
:10F63000059307950193FFF712BB1BF400711CBFE4
:10F64000DBB2214676E712F400711CBFDBB2214623
:10F6500045E412F400713FF40CACDBB2214608E43F
:10F6600043F3C0110A465BB2FFF778BA079B039ACF
:10F670001B681A807AE43023FFF7E0BB886D02F044
:10F680008AF9FFF79DBACDF80480CDF8148007956C
:10F6900080460CE4174FE64663E60499069810AAE4
:10F6A00000F01AF90023CDE9113300283FF461ABD3
:10F6B000FFF7BBBA0F4F511CD2E50F4D8C4637E513
:10F6C000049B5B6EDF0707D4049B9B899E0503D4D4
:10F6D000049B986D02F05FF94FF0FF330393FFF73F
:10F6E000AEBA00BFCDCCCCCC2C3D0108183D0108F2
:10F6F000403D01085C3E01084C3E0108079B99F81B
:10F700000120894653F8041B079341EAE178FFF78B
:10F7100087B900BFF0B51F468B89ADF26C4D23F061
:10F720000203ADF80C304B6E1993CB89ADF80E3057
:10F73000CB6907934B6A09931AAB009304934FF478
:10F740008063154606460293059316A800230C46CF
:10F75000069302F00EF92A463B4669463046FFF70B
:10F760000DF9051E07DB69463046FEF7BBF9002898
:10F7700018BF4FF0FF35BDF80C305B0603D5A389E9
:10F7800043F04003A381169802F0FDF828460DF2DD
:10F790006C4DF0BD38B50C46084D844611462046E8
:10F7A0001A4600232B60644602F038FA431C00D04E
:10F7B00038BD2B68002BFBD0236038BD0C24002003
:10F7C00000B50B4C25681446EE681A4685B0034612
:10F7D0000D464CB107490095CDE901143046064964
:10F7E00000F050F8F8F77EF904490C46F3E700BF43
:10F7F000580A00206C3E01087C3E0108783E010852
:10F8000010B502FB01F1FBF75DF8044668B150F852
:10F81000042C22F00302043A242A18D8132A06D80A
:10F8200002460023136053609360204610BD0023FE
:10F830001B2A036043600FD9242A8360C36011BF71
:10F8400000F1100200F1180203614361E9E70021B1
:10F85000FBF7A4FB204610BD00F10802E1E700BF62
:10F8600038B5074D0022044608462A6002F0D1F957
:10F87000431C00D038BD2B68002BFBD0236038BD63
:10F880000C2400200EB410B583B005AB064C53F821
:10F89000042B019301462068FFF770F803B0BDE820
:10F8A000104003B0704700BF580A002070B50C46E6
:10F8B000084D03460026204611461C462E6002F0E5
:10F8C000B2F9431C00D070BD2B68002BFBD0236025
:10F8D00070BD00BF0C2400209368002B00F0F68060
:10F8E0002DE9F04FB1F90CC01CF0080F83B0904621
:10F8F00081460C4631D00B697BB31CF00207D8F867
:10F90000006038D00027D4F824B0E169DFF8BCA249
:10F910003D4655452B463A4628BF53464846C5B155
:10F92000D847002840F3C880D8F808301B1A07448D
:10F930002D1AC8F80830002B00F0B48055452B462E
:10F94000D4F824B0E16928BF53463A464846002D12
:10F95000E6D1D6E900750836DBE721464846FDF7D3
:10F9600041FF002840F0AD80B4F90CC0D8F8006029
:10F970001CF00207C6D11CF0010A63D12368A168FC
:10F98000574618468B46002F58D01CF4007F00F0D5
:10F99000B180B9420A4600F2DD801CF4906F2FD08E
:10F9A000216962695D1A02EB420202EBD2726B1CA2
:10F9B00052103B44934292BF93469B461A461CF416
:10F9C000806F00F0E68011464846FAF77BFF00287A
:10F9D00000F0F5802A4621690190F0F721FEA28906
:10F9E000019B22F4906242F08002A2815819ABEB95
:10F9F0000505C4F814B02361A5602060BB463A46F3
:10FA000051460192FBF74AFAA1682368019AA1EBDB
:10FA10000B011A443D46A16022600027D8F8083047
:10FA20005B1BAA44C8F80830002B3BD02368A168B0
:10FA3000B4F90CC018468B46002FA6D1D6E900A712
:10FA400008369EE73846BB463D46002D40D000288C
:10FA500045D03A46D4E904C32068A168AA4228BF29
:10FA60002A46604504D901EB030A524500F382801F
:10FA7000934272DCE169D4F824C05A464846E04714
:10FA8000B0F1000A18DDB7EB0A070FD00120D8F853
:10FA90000830A3EB0A03D344A5EB0A05C8F80830E5
:10FAA000002BD2D1002003B0BDE8F08F214648469C
:10FAB000FEF718F80028EAD0B4F90C3043F0400300
:10FAC000A3814FF0FF3003B0BDE8F08F00207047F6
:10FAD000756833460836002DFAD0D3F800B02A46B0
:10FAE0000A215846F0F74CFD002865D00130A0EB04
:10FAF0000B07AEE722699A4214D36269BA4211D861
:10FB00006FF00043BB4228BF3B46656A93FBF2F3AC
:10FB1000E16902FB03F348465246A847051ECBDDC8
:10FB20007F1B7BE7B94228BF39460D4618460A4677
:10FB30005146FBF7B3F9A1682368491B2B44A16028
:10FB400023600029ECD121464846FDF7CBFF002871
:10FB5000E6D0B1E7BB463A4652E759460192FBF779
:10FB60009DF9019AA3689B1AA3602368134423603C
:10FB7000924688E759465246FBF790F9236853446A
:10FB8000236021464846FDF7ADFF00283FF47BAFD8
:10FB900092E74846FBF760FA034600287FF426AF59
:10FBA00021694846FEF7A6F8B4F90C300C2223F080
:10FBB0008003C9F8002081E76A1C17464AE70C2237
:10FBC000B4F90C30C9F8002078E700BF00FCFF7FD3
:10FBD00038B5074D0022044608462A6001F0C4FEED
:10FBE000431C00D038BD2B68002BFBD0236038BDF0
:10FBF0000C24002038B50C46084D8446114620469A
:10FC00001A4600232B60644602F00BF8431C00D018
:10FC100038BD2B68002BFBD0236038BD0C2400209E
:10FC200082B049B15AB16BB113780B601278101ED3
:10FC300018BF012002B0704701A9002AF3D1104675
:10FC400002B070476FF00100F4E700BF38B50C4612
:10FC5000084D8446114620461A4600232B60644610
:10FC600001F0D9FF431C00D038BD2B68002BFBD01E
:10FC7000236038BD0C24002049B1FF2A02D80A7045
:10FC8000012070478A2303604FF0FF307047084619
:10FC9000704700BF704700EBC100408840087047C4
:10FCA000F8B50346FFF7F7FFB0FA80F0C0F11F0088
:10FCB00003EB800CCA00DCF81060171D0C460632FE
:10FCC0008DB256B9012101FA00F0D9680143D9601B
:10FCD000CCF81040DD539D52F8BDF1000431585A64
:10FCE000D85303EBC0009E52C5805D52F4E7043A3E
:10FCF0002DE9F041CC1D114424F0070421F0070147
:10FD00000E1BF708B7FA87F2C2F12405AD004FF0D9
:10FD100000080735C2F12002ED0804604146A760E3
:10FD2000C4F80C80920004F11000FBF737F96B0067
:10FD300043F00103638004EBC5027B1B5900A4F868
:10FD400000805180A21924F83550A2F80280A353F4
:10FD500004EBC70329465A8842F001025A80204624
:10FD6000BDE8F041FFF79CBF2DE9F04706460D4680
:10FD7000174698462BB398F8004093F80190DB782B
:10FD8000A40004EB430498F802301C4444444FF0B0
:10FD9000000ACA4509D3D8F8042008F108033946F7
:10FDA0003046AC46BDE8F047604714F8013B48F8E0
:10FDB00023402046F0F704FA013004440AF1010A16
:10FDC000E7E76FF01500BDE8F08770B50025024643
:10FDD0002846144614F8013B0BB9184609E098B1BF
:10FDE0008D4207D1702B04D0A3F140023A2A0BD8E0
:10FDF000002070BDA3F140063A2E05D85378013596
:10FE0000941C002BE9D00020252B08BF80F00100B6
:10FE10002246DEE7F0B4D0E90032002AD1E90054EE
:10FE200016DA002C08DA5F424FF0004666EB020655
:10FE3000BD4274EB06061ADB5B1942EB0402C0E913
:10FE4000003283688A6813448360F0BCF2F770BEA6
:10FE500053EA0206F0D0012D74F10006ECDBDE431C
:10FE6000AE426FF00046A6EB0206A641E3E7002093
:10FE7000F0BC70470020704730B50C688B6814B137
:10FE80004A689A4202DC01338B6030BD013A9A42E3
:10FE900014BF05460025E5548B68F4E70FB407B599
:10FEA00004A951F8040B019100F093FB03B05DF835
:10FEB00004EB04B070470CB407B504AB53F8042B43
:10FEC0000193F2F70FFF03B05DF804EB02B0704747
:10FED000044608B5084611461A46A047F9F770FFD0
:10FEE000F7F73CFB0020704708B501F056FD1623DC
:10FEF00003604FF0FF3008BD08461146F7F7C6BD56
:10FF00000CB407B5034604AADB68084652F8041B84
:10FF10000192984703B05DF804EB02B07047F9F71F
:10FF2000C3B8F9F739B907B500930023F2F746FFD4
:10FF300003B05DF804FB07B500930123F2F73EFF21
:10FF400003B05DF804FB2DE9F041074688461546ED
:10FF50001E461446B44205D30EB1601B08E0237858
:10FF6000002BFAD014F8010B4146B8470028F1DA0B
:10FF7000BDE8F08110B50369024613F0080009D10D
:10FF80001368D4689C4297BF126AE31AD31A0120FF
:10FF90000B6010BD00231846FAE713B501A904460B
:10FFA000FFF7E8FF20B1019BE268013B1344019396
:10FFB000206A019BC01A013802B010BD10B504467A
:10FFC00050182269236AD20702D5013B184010BDA0
:10FFD000984228BFC01AFAE710B504460A46C1681D
:10FFE000FFF7ECFF2369E06023F00803236110BDF5
:10FFF00038B50D46C2698B00016843F0020342F830
:020000040801F1
:100000002130044601682A46FFF7D8FFE36861689B
:100010002060984202BF236943F0080323612A4607
:100020002046FFF7CBFF606038BD2DE9F74FC7686A
:10003000C6699B4606EB8703009316F8273003F04A
:100040000303022B0446884691464FF000030BD071
:100050001360CBF8003023699B0713D44FF0000ADC
:10006000504603B0BDE8F08F56F82710136089089A
:10007000CBF80030EFD0FFF7AFFFE368A3604FF09D
:10008000010AEDE7A36906EB8700984716F82720D9
:1000900012F0010A0546E1D012F002021FD0B8F1B9
:1000A000000F03D041462046FFF7A2FF61682A46B1
:1000B0002046FFF783FFD4E902219142606006D118
:1000C0002A462046FFF77AFF4FF0000AA060A26898
:1000D0002260E260226942F008022261C0E7014624
:1000E00020460192FFF778FFE368A360B8F1000FA4
:1000F00004D02168E369019A43F8212005EB080246
:10010000CBF8002021682046FFF758FF23692060C4
:1001100043F00803236116F827306FF3000306F855
:100120002730009BC9F80030A9E770B50446154692
:10013000FFF744FF2368834205D12369216023F040
:100140000803236170BDE269AB0043F0020342F88B
:100150002130204661682A46FFF730FF6060F1E7F2
:1001600038B503695B07044606D5456AFFF715FFF6
:1001700085422CBF6562606238BD38B50D460446C5
:100180001C220021FAF70AFFEB68A361AB686361E8
:100190002B68E3616B682362002262622A6923B1E3
:1001A000591E194208BF42F001022261012204F1E6
:1001B00028000021BDE8384002F0BCB92DE9F04F1D
:1001C00087B000250093036A03958B4204460E46D0
:1001D00092460595A94639D3EFF3118B102383F38B
:1001E0001288BFF36F8F059AD8462AB12946204658
:1001F000FFF79BFF0023059304A92046FFF7BAFEF3
:100200000499B14207462AD32268E36913F8221001
:1002100021F0030103F8221003EB82092168324622
:100220002046FFF7CBFEE3682060984212D00027FB
:1002300088F31188BFF36F8F039929B162690AB1FE
:100240002046904700230393002FC5D1484607B0AE
:10025000BDE8F08F236943F008032361E7E718B195
:100260002046FFF7C5FEE3E7009B5AEA03021CD0D5
:10027000019102F098F90199B8B9BBF1000F14D1BE
:1002800087F31188BFF36F8F009B524604F128005B
:10029000F9F70CF8EFF31188102383F31288BFF3FA
:1002A0006F8FB0FA80F77F09C2E705AB03AA20463B
:1002B0002568FFF7BAFE0746BAE770B504468369BA
:1002C00008460D4698470246EFF31186102383F344
:1002D0001288BFF36F8F2B7843F001032B70616896
:1002E0002046FFF76BFE60602046FFF739FF86F37C
:1002F0001188BFF36F8F70BD2DE9F04104461027C0
:10030000EFF3118687F31288BFF36F8F236913F021
:10031000080FA36802D16268934200D9226AE1699A
:10032000D21A32B986F31188BFF36F8F4FF00008ED
:1003300033E011F8232012F0030001EB8308F1D021
:10034000022803D151F82350AD0805D1D00712D4AB
:10035000A369404698470546A1682A462046FFF70C
:100360002DFE2946A0602046FFF736FE86F3118851
:10037000BFF36F8FC4E742F0020201F8232040462A
:10038000A369A5689847294602462046FFF716FE4E
:10039000A06086F31188BFF36F8F4046BDE8F081FF
:1003A000F8B50446836908460D4698470646EFF3BC
:1003B0001187102383F31288BFF36F8F2B786FF3AD
:1003C00000032B7023699B0705D5E268E36903EB03
:1003D00082039D421AD12B786FF341032B70D4E92D
:1003E0000231994204D132462046FFF7E7FDA06072
:1003F00031462046FFF7F0FD87F31188BFF36F8F7A
:1004000004F12800BDE8F840F8F716BF2B6860F348
:100410009F032B60F0E7EFF31181102383F3128821
:10042000BFF36F8F036913F0080F836802D142682E
:10043000934200D9026AD31A81F31188BFF36F8FF8
:10044000181E18BF0120704738B5F3F7C3F90546E9
:100450000C4601F0A2FA002303602146284638BD6D
:1004600070B50C8806468888241A3069A4B2844284
:1004700085B224BF641BA4B22D1BA8B2984228BF2A
:1004800018463368234413600B8803440B8070BD07
:1004900070B4838985880669ED1AADB2731B9342E7
:1004A00028BF134670BC0A46011DFFF7D9BF70B4C0
:1004B0000E460146C58831F80A3FEC1AA3B29342B2
:1004C00028BF1346324670BCFFF7CABF10B54B8831
:1004D0000C88E41AA4B294420ED31A4492B28B88C8
:1004E0004A800A800069D21A92B2824201D2002068
:1004F00010BD03448B80FAE76FF01500F8E72DE993
:10050000F34106460F4615464FF000082A4601A95A
:100510003046FFF7BDFF044640B102463946019818
:10052000F0F77EF82D1BA0442744EFD14246311D41
:100530003046FFF7CBFF404602B0BDE8F0812DE921
:10054000F34107460E4615464FF000082A4601A91A
:100550003846FFF7ACFF044648B12EB10246019978
:100560003046F0F75DF826442D1BA044EED14246FC
:1005700007F10A013846FFF7A9FF404602B0BDE87F
:10058000F081704703785B075FBF03684288C3F35D
:100590004A2303EB12105DBF173020F007008008DC
:1005A00000207047002070470346BFF35B8F53E87D
:1005B000000F421C43E800210029F8D1BFF35B8FF4
:1005C000704708B502F02FF90A220023F0F7A6FDC4
:1005D00008BD1FB50023CDE90201CDE900331A465D
:1005E00019461846F3F7EEFD05B05DF804FB01204F
:1005F000F3F7AABA0020704718B140680079F3F702
:10060000BDBC4FF0FF30FAE738B5436804460D46ED
:10061000DA711146F3F710FD63681D60636801220B
:100620005A71BDE83840F3F781BA10B543685B7979
:10063000044613B10021F3F7FFFC636800225A71EE
:1006400010BD70B515460C4669B1D2E901369B1B49
:1006500099420AD813680A4601469819EFF7E0FF55
:10066000AB682344AB60204670BD6FF01B00FBE716
:1006700070B50E4615461946044618B9BDE87040D7
:10068000F3F762BA33B1C2F34A231030120D1844A3
:10069000EFF7C6FFC4E900562046BDE87040F3F707
:1006A00013BC2DE9F3415F1C4FEA8708064608F1A9
:1006B000170020F0070080080C461546F3F7C8FA2B
:1006C0000023ADF805308DF807308DF8047068B15F
:1006D0000346019A43F8102FA8F104012A46294441
:1006E00052F8045B43F8045F8A42F9D1A20102F494
:1006F000E07242EA482222F07F4222F47002002394
:1007000022F03F02314602B0BDE8F041FFF7B0BF32
:1007100007B50123019201AAFFF7C3FF03B05DF8FB
:1007200004FB07B5CDE9002302236A46FFF7B9FFB2
:1007300003B05DF804FBF8B506460D4614461F46A7
:1007400004B9F8BD214628463A46B047241A054464
:10075000F6E710B5426881680446D2E900230068D4
:10076000FFF7E9FF636800221A6010BD13B500248B
:100770000094F2F779FC02B010BD38B54B681A68E6
:10078000CB689A4205460C4602D10846FFF7E1FFC6
:100790006368BFF35B8F53E8002F511C43E80010E0
:1007A0000028F8D1BFF35B8FA3689D54002038BDAB
:1007B0000A2838B504460D4602D10D20FFF7DDFFAB
:1007C00029462046FFF7D9FF002038BD2DE9F04328
:1007D000054687B008460E8891F80090D1F8088049
:1007E0000C461746F3F746FD011EC6F38216C9F301
:1007F000C2091EDB4846F3F779FB034621466088B1
:1008000051F8102B0196C2F34A22002A01EB020490
:10081000C0F30B1008BF00210022CDE90407CDE989
:100820000214009241462846F3F750FD07B0BDE898
:10083000F0830023E2E70B68834204BF01230B71BE
:10084000704710B58EB004466946012001F0EDF9FD
:1008500005A96846F9F744FF204605A9F4F74CF9C5
:1008600000200EB010BD03785B075FBF03684288AD
:10087000C3F34A2303EB12105DBF173020F00700CB
:1008800080080020704783681B6A03B118477047CF
:1008900008B54368197311B11868FFF7F4FF002019
:1008A00008BD10B5406824301C46FFF748FE2060A4
:1008B000002010BD10B5406850F8804B01F0C1FF1A
:1008C0002046FFF7E0FFA368DB6A0BB1204698479C
:1008D000002010BD2DE9F04145681E462B7B0C46DB
:1008E000174693B101EB0208A04507D13760D5E95F
:1008F0000131012098470020BDE8F081286814F8F4
:10090000011B83685B689847EEE705F11000FFF76D
:10091000F6FD05F1B80330600121BFF35B8F53E8AA
:10092000002F43E800100028F9D1BFF35B8F002AA5
:10093000E1D128688368DB69002BDCD09847DAE7CF
:100940008268002382F856308268A2F852308268AA
:10095000A2F85030704710B50346BFF35B8F53E8E1
:10096000000F40EA010243E80024002CF7D1BFF356
:100970005B8F10BD10B50346BFF35B8F53E8000FCC
:1009800000EA010243E80024002CF7D1BFF35B8F9B
:1009900010BDF8F789BB73B50901856801F51F71B2
:1009A000044616460D4401AA6946284602F08BF813
:1009B000009B23B1284602F083F82046B04702B0DE
:1009C00070BD0EB403B503AA52F8041B0192F5F7EB
:1009D00067FB02B05DF804EB03B0704708B510B1D7
:1009E000EFF7EEFB80B208BD8B6820B903F51F70EE
:1009F0000021F9F719BE03F52B70F9E738B58368C4
:100A0000D3F87832DB0704461BD4C06900F03DFD03
:100A1000606803685B689847054620B9E06800F0A5
:100A200098FEA3681D75A3685B6C13B12946204628
:100A30009847A3680022C3F82023F9F7C1F9F6F715
:100A40008DFD6FF00F05EEE700F51E7019B14FF444
:100A50000061FFF780BF6FF40061FFF78BBF00F507
:100A60001E7011B10421FFF776BF6FF00401FFF78C
:100A700081BF08B500F51D7029B10121FFF76BFF9B
:100A800000F0010008BD6FF00101FFF773FFF7E709
:100A9000F8F782BB73B5002304460093204600F0AC
:100AA000F4FAE06900F034FD05462046A668F5F743
:100AB0009BFEA368B3F8503006F51F761BB1962055
:100AC000002101F022FE01AA6946304601F0FBFF39
:100AD00015B1009B002BE1D002B070BD38B5836822
:100AE0001A7D012A04462DD1D3F87822510408D565
:100AF000D3F87422520704D40146DA6CC06900F0BE
:100B0000ADFCA06841F28832002300F54370FFF786
:100B100040FF054618B16FF00F05284638BD082183
:100B20002046F5F717FD6069F4F7F8FB2046F4F767
:100B3000B5FD204600F0ABFBA06800F54370FFF761
:100B4000A7FFEAE76FF08505E7E7F8B50446806898
:100B50001F46037D022B0D46164607D0BDE8F84020
:100B60004FF4805100F51E70FFF7F5BE41F2883258
:100B7000002300F54370FFF70CFF58BBA368D3F8C0
:100B80007822100508D49A6C32B9D3F874329906D9
:100B900002D5204600F079FA3B46324629462046E7
:100BA00000F0D5FAA368D3F87822120508D49A6C1D
:100BB00032B9D3F874329B0602D52046F5F714FEFD
:100BC000606900F091F8A068BDE8F84000F5437056
:100BD000FFF75EBFF8BD0CB407B504AB53F8042BA8
:100BE0000193FFF7B2FF03B05DF804EB02B070476A
:100BF0000EB403B503AB082153F8042B0193FFF7A0
:100C0000A4FF02B05DF804EB03B070470EB403B567
:100C100003AB032153F8042B0193FFF796FF02B0B7
:100C20005DF804EB03B070470EB403B503AB0121CC
:100C300053F8042B0193FFF788FF02B05DF804EB33
:100C400003B07047F8B505460F46D1B10846FFF727
:100C5000C5FE0646A86841F28832002300F54370BD
:100C6000FFF797FE044618B16FF00F042046F8BD59
:100C7000731C142BA86800D836B900F54370FFF731
:100C800007FF6FF01504F1E73946FAF767FCAB6828
:100C900083F83C60A86800F54370FFF7F9FEE5E7CC
:100CA00010B50446806841F28832002300F5437095
:100CB000FFF76FFE48B92046F4F720FBA068BDE8B7
:100CC000104000F54370FFF7E3BE10BD18B1836814
:100CD000D3F8240370476FF0150070478368996458
:100CE00009B9FFF72DBE704710B502698368126815
:100CF00001680446C0689847236900221A6010BD45
:100D000038B5CB681B7C022B05460C4604D10A285B
:100D100002D10D20FFF7F4FF236922681B68D55428
:100D2000226913680133136023691A6863689A4261
:100D300002D12046FFF7D8FF002038BD08B510B11A
:100D4000EFF73EFA80B208BD10B5047B4389224418
:100D50002144B2FBF3F003FB1022B1FBF3F003FBE1
:100D60001010101A10BD10B5047B438921441019CE
:100D7000B1FBF3F1B0FBF3F0401A10BD30B5057BC9
:100D800043892944B1FBF3F403FB141101312A44D4
:100D900001340180B2FBF3F103FB112284800132A4
:100DA0004C1CC480428030BDF8B50E461146074643
:100DB0001546FAF709FE0446E0B12846FFF7BEFFE4
:100DC000A742054607D214F8013C202B02BF01358B
:100DD000ADB204F1FF342046FFF7B0FF3388421C68
:100DE0005B1B521B33806119204692B2BDE8F8406C
:100DF000FAF754B8F8BD2DE9F0410F4686B0164613
:100E0000044670B1034601AC00F11005186859683A
:100E1000224603C20833AB421446F7D1186810606B
:100E200001AC4FF00008414632462046F5F72CFA57
:100E300008F10108054628B129683846EFF734FA69
:100E40000028F0D1284606B0BDE8F0812DE9F04732
:100E50001C46DDF820809DF8249000230F4616469E
:100E600023602368BB4205461BD256F8230000F0DE
:100E7000FAFC2368824618B1013323602846F0E764
:100E800056F8231042462846FFF7B5FF48B12368BD
:100E90005A1C2260B9F1000FE3D08045E1D12360F4
:100EA00055462846BDE8F08773B503782D2B0446D8
:100EB0000D46164606D16FF015033360002528460F
:100EC00002B070BD00F069FD002303602A4601A94D
:100ED0002046FAF771FF054600F05FFD0368222BFC
:100EE00002D16FF02103E8E700F057FD0368002B03
:100EF000E1D1019BA342DED01B78002BDFD0DAE7E3
:100F00000EB403B503AA52F8041B0192F5F7C8F812
:100F100002B05DF804EB03B0704710B50446EFF77C
:100F20004FF9B4F8503013FA80F038B1638FB0FB4A
:100F3000F3F203FB1200B0FA80F0400910BD38B59F
:100F400084682046EFF73CF9D4F87452B4F8523074
:100F5000C5F3400580B205FB0300638FB0FBF3F2DD
:100F600003FB1200B0FA80F0400938BD10B504460A
:100F7000FFF7E5FF18B9A068FFF7CFFF20B1606960
:100F8000BDE81040F5F73ABA10BDF8B584680546DB
:100F9000B4F85020B4F8521004F13000FFF7EEFE20
:100FA000A868A78EE68EFFF7B8FF10B16869F5F75D
:100FB00025FAB74207D1218E638E2846C91ABDE8AB
:100FC000F840F5F737BAE18EA38E2846C91AF5F72F
:100FD0001BFAF0E7F8B5044680680D46B0F85210E9
:100FE000B0F8502030300D44FFF7C8FEA068ADB215
:100FF000B0F852102A463030FFF7B5FE0746A06819
:101000002A46B0F852103030FFF79EFE794206466D
:101010002046F5F7F9F931462046F5F70BFAA368B3
:10102000A3F85250F8BD8368B3F85210494209B290
:10103000FFF7D0BF8368B3F85010B3F85230C91A25
:1010400009B2FFF7C7BF8368B3F852301BB14FF046
:10105000FF31FFF7BFBF70478368B3F85220B3F882
:1010600050309A4202D20121FFF7B4BF7047826824
:10107000B2F85210A2F850108368B3F8522013440B
:10108000002283F85620F5F7ADB910B50446806804
:10109000B0F85020B0F852103030FFF76FFEA36860
:1010A000198E2046C1F10101F5F7C4F9A368998EA4
:1010B00020460139F5F7A8F92046BDE81040F5F7BC
:1010C00091B92DE9F041054686B00F461446002639
:1010D000A4B906B0BDE8F081D3F878229207FBD519
:1010E000BFF35B8F03F51E7353E8001F21F002016D
:1010F00043E80012002AF7D1BFF35B8F68680368EA
:101100002246D3F80C80B9196B46C047009A1644A2
:10111000A41A002ADCD1AB68197D0329EED002297C
:10112000DAD803F52B73012101A801F096FC4FF0EA
:10113000FF324FF0FF33012101A8F9F71DFAA8682B
:1011400000F52B7001F0BCFCD8E7FFF7BABFF7B58C
:101150001E4683681546D3F87422D206044613D57A
:1011600093F83E208A420FD0DB8FADF80430F5F7BC
:10117000F1F9606932462946F4F792FF01A9204649
:10118000F5F708FA03B0F0BD60693246294603B0AE
:10119000BDE8F040F4F784BF0CB407B504AB53F8D6
:1011A000042B0193FFF7D3FF03B05DF804EB02B00B
:1011B00070472DE9F0418768B7F85060B318FF2BEE
:1011C00005468846144626DCB7F85230F61A5633E0
:1011D0001F44B6B2324639463819F9F75FFE224647
:1011E00041463846EFF71CFAAA68B2F8503023445B
:1011F000A2F85030AB68B3F850201344002283F8B3
:101200005620AB68D3F87412890706D4B3F852207D
:101210001444A3F85240BDE8F08131462846BDE8A9
:10122000F041F5F739BAFFF7C4BF38B50546806815
:10123000B0F85220B0F85040A41AA4B29CB1563273
:101240001044411C2246F9F729FEAA68B2F8503032
:10125000013BA2F85030611E28460122BDE838400B
:1012600089B2F5F719BA38BD10B58368B3F85020C4
:1012700004465AB1B3F8523043B14FF0FF31FFF793
:10128000A9FE2046BDE81040FFF7CFBF10BD70B5E6
:1012900092B00023054601934FF47A74686803689E
:1012A00040221E6902A901ABB047019B13B108B9E6
:1012B000013CF3D112B070BDF8B5C3695E695F68D7
:1012C00083683046D3F87452FFF716F8C5F300155B
:1012D000044650B1014605F18E023846FFF776FA12
:1012E00030462146FFF75CF80120F8BD43681B68D3
:1012F000D3E90632BFF35B8F53E800CF8C4443E859
:1013000000C00028F8D1BFF35B8F9368BFF35B8FF9
:1013100053E8000F084443E80002002AF8D1BFF365
:101320005B8F70472DE9F84343681E68F369B26824
:10133000D3F81480D2F874429A68D3F804901279E2
:10134000012A07460D46C4F3001403D0032A3CD0FB
:10135000BDE8F883DA680B7859075FBF2C686B88A3
:10136000C4F34A2404EB13145DBF173424F00704BC
:10137000A40800240A23A2FB032321464046FEF7CB
:101380001DFF814628B938460121BDE8F843FFF723
:10139000ADBF012CF7D92946026851F8043BC3F3CD
:1013A0009D0363F39F0240F8042B621E9200EFF747
:1013B00037F940464946FEF780FFB06800F52370D4
:1013C0000021BDE8F843F9F72FB93046FFF75DFE7D
:1013D00001F0E9F804F18E07044600B3EFF311843D
:1013E000102383F31288BFF36F8FB368D3F878327A
:1013F0001A051ED53A4629464846FFF7E7F9B3686D
:10140000D3F878321B0502D43046F5F7EDF901F038
:10141000CAF890B184F31188BFF36F8F98E7B06872
:1014200000F543704FF0FF324FF0FF33F7F73CFE0B
:10143000DBE73046FFF729FEDCE7B06800F54370D4
:10144000BDE8F843F7F7A8BE10B513460C460A46A8
:1014500001461846FFF779FE204610BD70B50446D8
:101460000D461646D0E90410FEF787FE3246206886
:101470002946FFF7C9F863685B685D60A3680022CE
:101480001A60A36801221A7170BD10B50446006885
:10149000FFF7CBF8A36802221A7110BD10B543689C
:1014A0001C686068036801219B68984758BBE36922
:1014B0009B6803221A71A368BFF35B8F03F51E7349
:1014C00053E8001F41F4005143E80012002AF7D10D
:1014D000BFF35B8FA068B0F85020B0F852103030E6
:1014E000FFF74CFC4FF0FF312046F4F78DFFA36867
:1014F000198E20464942F4F79DFF2046FFF7DCFE97
:101500000028FAD110BDE069BDE81040FFF7BDBF6B
:1015100073B5036882685B681D68AB68D3F8743282
:10152000BFF35B8F0446C3F30013002152E8006F42
:1015300042E800100028F9D1BFF35B8F26B14BB908
:1015400060683146F3F730F8284602B0BDE87040D5
:10155000FFF7B2BEAB682846DB8FADF8043001213F
:10156000F4F7F8FF60683146F3F71EF801A9284642
:10157000F5F710F8E8E70EB403B503AA52F8041B18
:101580000192F4F78DFD02B05DF804EB03B07047F3
:101590000020704783690020186070470EB403B5BF
:1015A00003AA52F8041B0192F4F77AFD02B05DF829
:1015B00004EB03B0704708B50168FFF743FB002058
:1015C00008BD8368BFF35B8F03F51D7353E8001FED
:1015D00021F0200143E80012002AF7D1BFF35B8F0E
:1015E000002070478368BFF35B8F03F51D7353E8DA
:1015F000001F41F0080143E80012002AF7D1BFF3B1
:101600005B8F002070478368BFF35B8F03F51D730A
:1016100053E8001F21F0100143E80012002AF7D11F
:10162000BFF35B8F002070478368BFF35B8F03F5C8
:101630001D7353E8001F21F0080143E80012002A3F
:10164000F7D1BFF35B8F002070478368BFF35B8FD8
:1016500003F51D7353E8001F21F0020143E8001257
:10166000002AF7D1BFF35B8F002070478368BFF378
:101670005B8F03F51D7353E8001F41F0100143E831
:101680000012002AF7D1BFF35B8F002070478368F8
:10169000BFF35B8F03F51D7353E8001F41F020017A
:1016A00043E80012002AF7D1BFF35B8F0020704798
:1016B0008368BFF35B8F03F51D7353E8001F41F090
:1016C000020143E80012002AF7D1BFF35B8F00202C
:1016D000704708B58368D3E900210A605160002192
:1016E000C3E900111A895B8900681A440C32FEF7BD
:1016F00026FF012008BD0023C3607047F8B51F46D0
:101700000346164653F8044F9C4202D1002038800D
:10171000F8BDC568B1B9002DF8D0AC4202D10023A4
:10172000C360F3E76C68C460002CEFD0228904F139
:101730000C013046EEF774FF23893B800022F254FF
:101740000120E5E7002DEED08368AB42E7D02C689E
:10175000E9E738B50446051D6368AB4204D020466E
:10176000FFF7B7FF0028F7D138BD2DE9F04F02F1A0
:101770000C050368C5F100091B6909F0030985B070
:101780004D449D4204460191174610D80023C36082
:101790006AB1466800F1040AB2450BD05EB13389E4
:1017A000934208D106F10C00F9F748FB18B905B0CF
:1017B000BDE8F08F1E464FF0000B23685989DA8888
:1017C000914204BFC3E901BBC3F80CB02068838910
:1017D0008288D21A036992B29B1AAB4228BF2B4669
:1017E00003AA011DFEF73CFE8542804628D92068E9
:1017F00083898288D21A036992B29B1AAB4228BFAE
:101800002B4603AA011DFEF72BFE854219D17389D1
:1018100043447381A844039D01992F813A46A5F85A
:101820000A9005F10C00EEF7FBFE6368C5E9003A8B
:101830005D60206865604246011DFEF747FEB6E721
:10184000E9D020680022011DFEF740FE63689A453A
:10185000B3D02046FFF73DFFAFE7031DC0E90133DA
:101860000023C360704710B5044628B1EEF7A8FC0A
:10187000002380B2984201D8002010BDE25C3F2ACC
:1018800003D02A2A01D00133F4E70120F5E710B58F
:10189000044680684FF48072002100F5AB70F9F7C0
:1018A0007DFBA068B0F8502000F1560100F5AB7048
:1018B000EEF7B6FEA06800F5AB70F4F71FFDA46864
:1018C00004F5AB70EEF77CFC0130A4F8540010BDB9
:1018D00010B504468068B0F8542000F5AB7156305E
:1018E000EEF79EFEA368B3F85420A3F8502010BD75
:1018F00001460068F5F7DEBA08B5F5F74BFBBDE821
:101900000840F5F74BBB0A460121FEF701BF002155
:101910000120F5F7CFBA61B662B680F31188BFF344
:101920006F8F704772B6002383F31188BFF36F8FF8
:10193000BFF34F8F30BF62B6BFF36F8F7047202861
:1019400009D9B0F1004F08D80138B0FA80F0C0F1E1
:101950001F0040007047082070473E20704700205D
:1019600070474FF0FF3070470228CCBF00200120A5
:10197000704710B504461420F8F794FF2060BDE8C6
:10198000104000F0D0BDF8F795BF4FF0FF324FF098
:10199000FF33F7F789BBF7F7FFBBF7F7A7B92DE9D7
:1019A000F04F87B08A46154602930446002844D07B
:1019B000002942D0002B00F0258105F0010303939C
:1019C00005F002030A460493A046294618F8010BC5
:1019D000F6F7AAF80346C0B23F281778064627D084
:1019E00013F0C00F0BD1C8B12A2836D0294638468B
:1019F000F6F79AF8864202F101025BD01DE05B28FF
:101A00007AD05C28F2D1EB07F0D46078F6F78CF846
:101A100010F0FF0618BF04F10208E7E7EC0601D555
:101A20002F2F02D0381E18BF012007B0BDE8F08F5D
:101A30001FB12F2F03D1A8070DD50120F5E72E2FB9
:101A400009D1690707D55245F7D0AB0703D512F87E
:101A5000013C2F2BF1D001322CE06078F6F764F8CE
:101A6000C1B22A2918D02E2F09D16F0707D55245A8
:101A7000E3D0AE0703D512F8013C2F2BDDD079B9A6
:101A800015F00200D1D0ED0600F1BE802F211046E6
:101A9000F9F7FCFC0038C6E718F8010F2946DDE726
:101AA0002F2909D1AC0707D51046F9F7EFFC0246FC
:101AB0000028C2D0444687E7029B164603F1FF394F
:101AC00025F0040A05F00207B34629469BF80000FA
:101AD000F6F72AF810F0FF0406F10106ADD04B46E8
:101AE000524659464046FFF75AFF01289DD12F2CF8
:101AF000EAD1002FE8D098E7002F9ED02F2F04D1F5
:101B0000A8079AD4294638460DE02E2FFAD1690746
:101B100007D5524591D0AB0703D512F8013C2F2BC6
:101B20008BD029462E20F5F7FFFF6378212B8146C5
:101B300001D05E2B15D10234012314F8010B01935F
:101B40002946F5F7F1FFC6B25D2E4FF0000B21D00C
:101B50002F2E09D1049BEBB15B2F7FF46EAF44466F
:101B600048E044460023E8E75C2E0AD1039B8BB98A
:101B700020785D280ED068B12946F5F7D5FF0134ED
:101B8000C6B23EB929465B20F5F7CEFF48453FF483
:101B900062AF52E723782D2B2FD160782946F5F7D5
:101BA000C3FF10F0FF0018D05D2816D05C2804F1A8
:101BB00002030BD115F0010F08D1E31CA0780593A7
:101BC000F5F7B2FF10F0FF00DCD0059B4E451C4638
:101BD00003DC4845A8BF4FF0010B14F8010B294660
:101BE000F5F7A2FFC6B25D2EB2D1019B5B45C9D00D
:101BF000611CB1D00132A0465CE74E4508BF4FF0F2
:101C0000010BEAE7032010E708460EE74023FFF741
:101C1000C6BEF1F75FB90023FEF785B90023FEF7D2
:101C20008AB9F1F7A1B9F1F785B910B5F0F7E2FF7C
:101C3000041E06DAFFF7B1FE644204604FF0FF3085
:101C400010BD0020FCE710B5F1F70AF8041E06DA13
:101C5000FFF7A3FE644204604FF0FF3010BD002088
:101C6000FCE701208840704700F003020432920034
:101C70000F23934043EA900010B500F003039B004C
:101C800003F1804303F58033020C9C6892FAA2F2C0
:101C9000B2FA82F224EA104091400143996010BDEB
:101CA0000B88C3F30B0303F6B872C2F30B02182AB6
:101CB00082B014D803F1804303F5043348681A68EE
:101CC00002431A600B88C3F30B0303F1804303F54F
:101CD000043300201B680193019B02B070476FF032
:101CE0008500FAE70B88C3F30B0303F6B872C2F35F
:101CF0000B02182A9FBF03F1804303F504334968A0
:101D00001A689DBF8A4300201A606FF085007047F3
:101D1000042805D8002814BF00206FF08500704704
:101D2000063804288CBF6FF085000020704710B57E
:101D30000888C0F30B00FFF7EBFF00281FDB4A68A1
:101D4000FF2A1BD093B203F1804303F50433C2F39F
:101D500084541868C2F3054204FA02F220EA02022F
:101D60001A6049688BB203F1804303F50433CA0E4D
:101D70001868C1F305418A4002431A60002010BD73
:101D80000888C0F30B0008B500F6B873C3F30B0363
:101D9000182B0AD800F1804000F504304B68026827
:101DA000934314BF0120022008BDFFF7B1FF0028B4
:101DB00014BF01200220F7E7704743685B681B6986
:101DC0000B600020704743685B68586942400A40D6
:101DD00042405A610020704743685B680020996167
:101DE000704743685B6800209962704743685A688F
:101DF00053694B4053610020704710B503699868E0
:101E0000F8B1884219D1DC6808689860A14200D115
:101E1000D860002008602AB19A680A60DA68996080
:101E200002B9D960002010E0814206D10868206024
:101E3000D8688142EDD1DC60EBE7044600680028F9
:101E4000F2D1002AE8D16FF0150010BDF0B502F014
:101E500030054468302D1E464FF0010008BFE36A8C
:101E600000FA01F004BF0343E3626768C2F3801322
:101E700027EA00078B403B43636090FAA0F7B7FA6C
:101E800087F7D4F808C04FF0030E7F000EFA07F76B
:101E90002CEA070C90FAA0F7B7FA87F7C2F3C11340
:101EA0007F00BB4043EA0C03A36090FAA0F3B3FAAF
:101EB00083F3E7685B000EFA03F327EA030790FA5F
:101EC000A0F3B3FA83F3C2F341225B009A403A4392
:101ED000202DE26016D107292BD890FAA0F3226AB0
:101EE0002BB3B3FA83F39B000F2101FA03F322EA29
:101EF000030290FAA0F3B3FA83F39B0006FA03F30C
:101F00001343236290FAA0F3B3FA83F3226890FAA2
:101F1000A0F05B000321B0FA80F02D0901FA03F371
:101F2000400022EA030385401D432560F0BD2B4697
:101F3000D9E7030A616A93FAA3F282B1B2FA82F294
:101F400092000F2793FAA3F3B3FA83F307FA02F28E
:101F50009B0021EA02029E4016436662D2E72A46AF
:101F6000EEE712F4003CF8B50C4613461DD0960778
:101F700014D555075CD55022D90611D542F400720C
:101F800003F4C061B1F5806F42D0B1F5C06F19D0D4
:101F9000B1F5007F18D142F0800215E01022EBE786
:101FA0009F06EDD542F48062EAE7D60305D5D50653
:101FB00005D4C2F340129202E2E73022E0E74FF488
:101FC0000072DDE742F4C07213F44036056908D0B0
:101FD0002F6927FA04F1C9075FBF0121A1403943E6
:101FE0002961BCF1000F06D01F03416813D5496871
:101FF0000123A3408B61406800232146FFF726FFA1
:1020000026B92B6923FA04F2D2070BD40020F8BDBD
:1020100042F48072D8E75F0341BF01234968A340BF
:102020008B62E8E70122A24023EA02032B61EDE77D
:102030006FF08500EBE770B50B468968054611B176
:102040005E680C6801B970BD8A682A4002D04B688E
:10205000304698471CB1236821461C46F2E72346C8
:10206000FAE7F8B51F46044640680E461546FFF7E6
:10207000EDFE112F08D1012303FA06F663685B68B1
:102080002A054CBF9E619E620020F8BD30B50368F2
:1020900013600579046804EBC504A34202D36FF012
:1020A000010030BD5C798C4201D00833F0E700209C
:1020B000F7E74368C1F34B101B6801F01F01C058DC
:1020C00001238B40034214BF01230023137000201F
:1020D000704710B54368C1F34B101A6801F01F0137
:1020E000845801238B4023438350002010BD10B53A
:1020F0004368C1F34B14186801F01F0123580122F3
:102100008A4023EA02032350002010BD38B504465C
:102110000D46FFF7DEFF29462046FFF7E8FF0020C7
:1021200038BDB0F5805F07D0B0F1805F09D10029DC
:1021300014BF012002207047002914BF032004208F
:102140007047002914BF02200320704743681B68B2
:10215000D869DA69D107DA69C0F3C00048BF40F036
:1021600002009207DA6948BF40F004005107DA69BB
:1021700048BF40F02000D20542BF4FF4807240F0CB
:1021800008001A62C10744BF08221A62820744BFCE
:1021900001221A62410744BF02221A62820644BF2A
:1021A00004221A62704743681A6852E8003F43F0FD
:1021B000400342E800310029F7D1704743681A68AC
:1021C00052E8003F23F0400342E800310029F7D1F4
:1021D000704743681A6852E8003F43F0200342E822
:1021E00000310029F7D1704743681A6852E8003F70
:1021F00023F0200342E800310029F7D170474368FB
:102200001B68D869C0F3401070470120704703690C
:10221000C3E902127047026993680BB1D16818478D
:10222000704708B5002225201146F5F7F9F9BDE8F9
:1022300008402520F5F7E6B908B5002234201146FC
:10224000F5F7EEF9BDE808403420F5F7DBB943684F
:102250001B68D869C0F38010704743681B68D86951
:1022600010F080001CBF1868C0F38010704710B5D4
:102270000269526812680A6042681268126802F4C1
:10228000C062B2F5806F04460B4633D0A2F5C06041
:10229000424242411A7162681268526802F4405226
:1022A000B2F5805F28D0B2F5405F27D0002A0CBF7E
:1022B000012203225A71626812681068116800F0E6
:1022C000102001F4C061FFF72CFF9871626812685A
:1022D000926802F44072A2F540714A424A41DA71B2
:1022E00061680968896811F4804F18BF0322DA71A8
:1022F000002010BD0222CDE70022DBE70222D9E751
:1023000037B50269436810681D680C46D968836850
:10231000DB681BB9F6F7CCF803B030BD01AA9847CB
:102320000028F7DB2B6823F400432B60019B03EBB1
:102330005403B3FBF4F39BB2EB60EDE738B54368AD
:102340001B680C461868196800F0102001F4C06181
:10235000FFF7E7FE04281AD0D86910F0800015D0E6
:10236000EFF31181102080F31288BFF36F8F0020EC
:10237000151A002D06DDDD692D0603D5255C1D85AA
:102380000130F5E781F31188BFF36F8F38BD6FF02F
:102390008500FBE710B543681B681020DA69120658
:1023A000FCD5EFF3118280F31288BFF36F8FDC69E5
:1023B000240604D482F31188BFF36F8FEEE71985EA
:1023C00082F31188BFF36F8F10BD43681B68DA6911
:1023D000910602D51A68920607D4D86910F0400019
:1023E00004D01868C0F3801070470120704738B5DA
:1023F00043681B680C461868196800F0102001F447
:10240000C061FFF78EFE042810D000200821151AA5
:10241000002D0DDDDD69AD060AD59D8C2554DD69E5
:102420002D0700F10100F2D51962F0E76FF0850089
:1024300038BD43681B68DA69100744BF08221A6276
:10244000DA69920643BF9B8C0B7000204FF0FF307F
:10245000704738B5044648B1F6F786FB5023054669
:102460005C43F6F781FB431BA342FAD338BD7047A8
:1024700040B1C368587810F001001EBF1878B0FA58
:1024800080F040097047EFF31183102383F3128823
:10249000BFF36F8FFEE710B54369044633B90020E0
:1024A000E268537843F00103537010BD9847002849
:1024B000F5D00028B8BF4042E368FF28A8BFFF203E
:1024C0001870EDE7F8F76ABDEEF7AAB841698268BF
:1024D00042EA010313F003030FD1C3600369013B18
:1024E00003FB0122002B01DA00207047C168116054
:1024F0004169C260013B521AF4E76FF01500704762
:1025000008B51024EFF3118384F31288BFF36F8FA3
:10251000FFF708FAF6E790F90E308B4201D0F7F793
:10252000A5BA0020704703460020C3E90200C3E9B2
:10253000003370475AB18A4209D300F11003C0E951
:102540000212C0E90000C0E90433002070476FF0B8
:1025500015007047026801238B4022EA03030360E1
:1025600022FA01F000F00100704720B1002211466C
:10257000C43000F0F2B8704713B501900846EFF38D
:102580001184102383F31288BFF36F8F01A9F6F72C
:1025900059FF84F31188BFF36F8F02B010BDC0E9FB
:1025A000000000207047EFF30580003818BF0120BD
:1025B00070477830704710B500238B4202D113600A
:1025C000002010BDC45CAA2CF9D10133F5E70A46FE
:1025D000D0E92701FFF7EFBFD0E9003213605A605E
:1025E0000023C0E90033704708B5FFF7F5FF437BD0
:1025F00023F0020343730023836008BD38B504460B
:102600000D46F7F719F9637B43F002036373E5B1F5
:10261000A5602B689D4209D16B68C4E900531C601A
:102620006C6012E06A689A42F6D01B68002BF3D007
:1026300094F90E2093F90E108A42F3D09142F1DD05
:102640005A68C4E9003214605C6038BD10B5EFF31D
:102650001184102383F31288BFF36F8FF7F7AAF862
:1026600084F31188BFF36F8F10BD08B5EFF31181AC
:10267000102282F31288BFF36F8F83680BB1FFF7CC
:10268000B3FF81F31188BFF36F8F08BD10B501460A
:10269000EFF31184102383F31288BFF36F8F437B12
:1026A00013F0280F0AD183680BB1FFF79DFF4B7B16
:1026B00023F004034B730846F7F77CF884F3118882
:1026C000BFF36F8F10BD01211838FFF7DFBF08B5CA
:1026D0000346EFF31181102282F31288BFF36F8F4C
:1026E0000068834207D008B1FFF77EFF81F31188AD
:1026F000BFF36F8F08BD0020F8E710B5FFF7B5FFF7
:10270000BDE81040183000F062B838B504460D46F8
:10271000F7F7F6FAB5F1FF3F08BFB4F1FF3F034604
:10272000204614D013F109004FEAE37141F1000192
:102730000A2871F100030BD36FF00A0383424FF0B4
:1027400004038B4106D30A220023EEF7E7FC38BDD1
:102750000020FCE76FF00040F9E738B5EFF3118592
:10276000102383F31288BFF36F8F0468A04213D045
:10277000A4B1C4F8B01022612046FFF735FF04F180
:10278000180000F024F82046F7F714F8012085F32C
:102790001188BFF36F8F38BD0020F8E72046F6E7B9
:1027A00008B50246F7F7C2FC70B1D0E904319B1AB4
:1027B00061EBE272B3F1004F72F1000104DA002A1A
:1027C000ACBF1846002008BD6FF00040FBE738B5ED
:1027D0000246EFF31185102383F31288BFF36F8F46
:1027E0000368CBB1F7F7A2FC04461046F7F7B0FC3C
:1027F00000224FF000438442C0E9042306D1F7F7DA
:102800009DFCFFF7CDFF0021F6F714F9002085F3BA
:102810001188BFF36F8F38BD6FF01500F7E708B56B
:10282000F7F7A2FD08BDF7F79FBD0023C0E9081226
:1028300000F11802C0E90622C0E9003303634363D4
:10284000704710B50446FFF7C2FFA8B9636A0BB121
:102850002046984704F11800FFF739FF60B1FFF7F1
:10286000F5FEEFF31180102383F31288BFF36F8F0F
:10287000BDE81040F7F79CB910BD70B5D0E9003441
:10288000984209D044B1A568EDB115F9526C12F91E
:10289000525CB54208D007DDC1E900042160416007
:1028A00010E0A342F8D01B68002BF5D09A6862B103
:1028B00012F9522CAA42F4D0F3DD5A68C1E9003271
:1028C0001160596070BDAB7BFFDE937BFCE72DE9A7
:1028D000F84F00250F461446984601462E464FF005
:1028E000100AA946BD4202DB3046BDE8F88FEFF37F
:1028F000118B8AF31288BFF36F8F4B7B03F03F037A
:10290000082B09D853B1013B072B07D8DFE803F0A8
:10291000281C06220606062E102B2DD0B8F1000F1B
:102920003BD12378002B38D04B7B03F03F03082B9F
:102930003AD8002B3AD0013B072B37D8DFE803F019
:102940003F393639363636420B699B68002BE5D065
:10295000022317E00B691B68002BDFD0042311E072
:102960000B699B68002BD9D001230BE00B691B6A14
:10297000002BD3D0102305E00B69DA895B899A42DA
:10298000CCD02023CA68C1F80890C2F38630034334
:1029900063F39432CA6084F800908BF31188BFF31C
:1029A0006F8F013514319DE7102B0FD08C600136ED
:1029B000F3E7086922461030FFF75FFFF6E7086982
:1029C0002246F9E7086922462430F5E708692246DD
:1029D0002C30F1E72DE9F041846805460E46D4B16C
:1029E0006378012B22D114F8533C9A0711D5A4F136
:1029F00060073846FFF781FE082E0CBF6FF0030317
:102A00000023236514F8533CDB0602D13846FFF758
:102A10001DFE00232370EB68C3F3863216430020AB
:102A200066F39433A860EB60BDE8F081022BF0D12F
:102A30002378002BEDD054F8048CB8F1000FE8D0C7
:102A400004F11400FFF7C3FEA4F114070023E362AE
:102A500039464046FFF790FDDBE710B55205090205
:102A600001F47C5102F400120A43017B00240A4362
:102A7000C0E90323846010BD38B5EFF3118510233E
:102A800083F31288BFF36F8F0468A04211D0D4E99A
:102A9000003213605A600023C4E900332046FFF778
:102AA00099FF85F31188BFF36F8F201E18BF012097
:102AB00038BD0024F5E70023C0E9000083607047BB
:102AC00000238360704783680B60C368136070479E
:102AD00010B400F10C04C0E9034410BCFDF707B9C1
:082AE00070E6FE7F010000001A
:102AE800017B000800000000BD7C00080000000019
:102AF800DD7C000800000000FD7C000800000000EC
:102B080000000000B82B0108C538000800000000CC
:102B1800859000080000000091A600080000000051
:102B280000000000DC2B010800000000D82C010880
:102B380000000000202D010800000000FC2C010806
:102B480000000000002C010800000000B42C01085F
:102B5800000000006C2C010800000000482C01084F
:102B680000000000242C010800000000902C01083F
:102B780000000000442D010800000000682D010835
:102B880029820008000000009D890008000000005C
:102B9800113A0008000000005F1901080000000059
:102BA800B5A60008000000003D5100080000000024
:102BB800195901080000000050300108E20B0020FC
:102BC800000000005D800008000000000000000018
:102BD80040390108CA5901089C3A010840300108E7
:102BE800F40B0020000000000000000000000000BE
:102BF80000000000903A0108F658010800000000A3
:102C080000000000E00B002078220020957D0008DD
:102C18000000000000000000343901082A590108AA
:102C2800583901081C300108E40B0020F822002064
:102C38002983000800000000000000004C3901084A
:102C48003E590108783901081C300108E60B0020BC
:102C58000C23002029830008000000000000000069
:102C68006C39010852590108983901081C300108CB
:102C7800E80B002020230020298300080000000022
:102C8800000000008C39010866590108B8390108AC
:102C98001C300108EA0B0020342300202983000897
:102CA8000000000000000000AC3901087A59010852
:102CB800D83901081C300108EC0B002048230020FB
:102CC800298300080000000000000000CC3901083A
:102CD8008E590108F83901081C300108EE0B002054
:102CE8005C23002029830008000000000000000089
:102CF800EC390108A2590108183A01081C300108EA
:102D0800F00B002070230020298300080000000039
:102D1800000000000C3A0108B6590108383A0108C9
:102D28001C300108F20B00208423002029830008AE
:102D380000000000000000002C3A01088A5A01082F
:102D4800B03A01086C300108F60B0020100A002088
:102D5800058600080000000000000000A03A0108F5
:102D6800AF5A01080C3B01086C300108F80B002031
:102D7800280A002005860008000000000000000066
:042D8800003B010803
:102D8C00000000000F190108000000000F190108D5
:102D9C00000000000F190108000000000F190108C5
:102DAC00000000000F190108000000000F190108B5
:102DBC00F4580108317D0008F2580108317D0008F3
:102DCC00F0580108317D0008EE580108317D0008EB
:102DDC00EC580108317D0008000000000F190108B3
:102DEC00000000000F190108000000000F19010875
:102DFC00000000000F190108000000000F19010865
:102E0C00000000000F190108000000000F19010854
:102E1C00000000000F190108000000000F19010844
:102E2C00000000000F190108000000000F19010834
:102E3C00000000000F190108EA580108317D000854
:102E4C00000000000F190108000000000F19010814
:102E5C00000000000F190108000000000F19010804
:102E6C00000000000F190108000000000F190108F4
:102E7C00000000000F190108000000000F190108E4
:102E8C00000000000F190108000000000F190108D4
:102E9C00000000000F190108000000000F190108C4
:102EAC00000000000F190108682D01081722010805
:102EBC00000000000F190108000000000F190108A4
:102ECC00E8580108317D0008000000000F190108C6
:102EDC00000000000F190108000000000F19010884
:102EEC00000000000F190108000000000F19010874
:102EFC00000000000F190108000000000F19010864
:102F0C00000000000F190108000000000F19010853
:102F1C00000000000F190108000000000F19010843
:102F2C00442D010817220108000000000F190108A8
:102F3C00000000000F190108000000000F19010823
:102F4C00000000000F190108000000000F19010813
:102F5C00000000000F190108000000000F19010803
:102F6C00000000000F190108000000000F190108F3
:102F7C00000000000F190108000000000F190108E3
:102F8C00000000000F190108000000000F190108D3
:102F9C00000000000F190108000000000F190108C3
:102FAC00000000000F190108000000000F190108B3
:102FBC00000000000F190108000000000F190108A3
:102FCC00000000000F190108000000000F19010893
:102FDC00000000000F190108000000000F19010883
:102FEC00000000000F190108000000000F19010873
:102FFC00000000000F190108000000000F19010863
:10300C00000000000F190108000000000F19010852
:10301C00631F0108BB1D0108C71D0108D91D01084C
:10302C00E31D0108ED1D010879820008FB1D010854
:04303C000000000090
:10304000B3200108D3200108EF2001080D21010859
:10305000A11C0108E51C0108000000007D7F00089C
:0C306000811D0108000000002F1D010868
:10306C0033240108952301084D2101080588000827
:10307C006F2201083D230108EF230108A721010855
:10308C00BD2101085B220108D3210108E9210108B7
:10309C004F220108FF210108F18300085184000828
:0C30AC00CB2301080B2201080F220108B1
:1030B8004F40010803000000E55801080300000024
:1030C8007758010803000000AF4001080300000022
:1030D800B3400108030000009E40010803000000FF
:1030E8001258010803000000B65B01080300000045
:1030F8007E580108030000008858010803000000FA
:10310800CA58010803000000A35801080300000082
:10311800B058010803000000BC5801080300000073
:103128009458010803000000134B01080300000035
:10313800194B010803000000A34001080300000028
:10314800CB5A0108030000008F400108030000006B
:10315800C65A010803000000D25801080300000005
:1031680024360108002100202D4B01080000000032
:10317800244B0108CC090020841D0020A809002048
:1031880002000000A8350108801D0020BC35010898
:103198007C0C0020194B0108F81100208027002022
:1031A8003034010890360108FC340108BC340108A9
:1031B800503501081036010868360108A83401089E
:1031C800A436010854360108403601087C36010847
:1031D80000000000000000000000000000000000E7
:1031E80000000000F0410108F7410108000000005C
:1031F8003946000800000000EE430108F8430108C2
:1032080000000000AD460008030000002642010847
:103218002C4201080000000055460008020000008A
:10322800CB58010817440108643201080000000067
:1032380000000000B2420108B94201080000000085
:10324800F113000801010000134301081B430108A2
:103258000000000095460008000000000000000083
:103268000000000000000000000000000000000056
:10327800E9460108EE46010800000000C5490008BB
:1032880002000000064501080B4501080000000087
:103298005147000800000000884601088F460108D1
:1032A800000000006949000802000000AC45010860
:1032B800B3450108000000003D4800080000000078
:1032C800254601082D460108000000000D490008A8
:1032D80002000000000000000000000000000000E4
:0832E8000000000000000000DE
:1032F000FFFFFFFFFFFFFF7FFFC99A3B00000000B9
:103300001B5B4A00001B5B4800001B5B324A00004D
:103310001B5B4A00001B5B6D00001B3700001B3865
:1033200000001B5B3F336C00001B5B4800001B5B15
:10333000324A00001B3700001B380000000000006C
:103340000080E03779C34143176E05B5B5B89346A1
:10335000F5F93FE9034F384D321D30F94877825A6D
:103360003CBF737FDD4F1575000000000000F03F8B
:103370000000000000002440000000000000594050
:103380000000000000408F40000000000088C340A3
:1033900000000000006AF8400000000080842E4118
:1033A00000000000D01263410000000084D7974164
:1033B0000000000065CDCD41000000205FA002426A
:1033C000000000E876483742000000A2941A6D42DF
:1033D000000040E59C30A2420000901EC4BCD642D2
:1033E00000003426F56B0C430080E03779C341437D
:1033F00000A0D8855734764300C84E676DC1AB43F3
:10340000003D9160E458E143408CB5781DAF154410
:1034100050EFE2D6E41A4B4492D54D06CFF08044EB
:10342000F64AE1C7022DB544B49DD9794378EA4400
:103430005B3F0108603F01080000000019230008FD
:1034400002000000D73E0108823F0108DD3E01086E
:103450008C3F0108E13E01089A3F0108E5FE0008A3
:10346000F9FE000800000000E9FE0008B80D002089
:1034700000010000EF0501088505010802000000B9
:1034800000000000A3410108AB410108000000005A
:103490000000000000000000B3410108B74101082E
:1034A000BB410108BF410108C3410108CA410108ED
:1034B000D831010800000000000000004247010868
:1034C00049470108D0340108000000000000000056
:1034D000D4340108064501085947010800000000DE
:1034E000214A000800000000000000000000000069
:1034F0000000000000000000000000001C4801085F
:1035000021480108103501080000000000000000FB
:1035100014350108A25201082F48010800000000DC
:10352000BD4B0008000000003F4801084348010867
:103530000000000043080108000000000000000037
:10354000000000000000000000000000000000007B
:10355000AC490108B349010864350108C94C0008A9
:103560000202000068350108754A01087A4A01081C
:10357000000000008D4D000805020000B24A01085D
:10358000B74A010800000000655000080201000071
:10359000000000000000000000000000000000002B
:1035A000000000003A000000182400201E00000067
:1035B0004B11010878310108A00900206831010889
:1035C000E8350108EC20002064000000D435010833
:1035D000AC200020B012002080000000000000009D
:1035E000670801080200000049140108F4200020C7
:1035F000182400201E00000075510008B5080108BD
:1036000091080108D5080108A3080108000000007E
:10361000504E01080E4E010800000000A55E000893
:103620000100000025130108ED1201089D14010896
:10363000000000000000000000000000000000008A
:10364000114F0108184F010800000000916B00089D
:1036500001000000424F0108494F0108B836010837
:10366000316C000801010000EE4F0108F64F01081F
:1036700000000000516B0008010000000750010825
:103680000D500108E43601080000000000000000B1
:10369000335001083950010800000000FD6B00089C
:1036A00001000000475001084B50010800000000D5
:1036B0009115010800000000BC3601086E50010899
:1036C0007650010800000000B56A00080100000003
:1036D00000000000000000000000000000000000EA
:1036E00000000000E8360108BA500108C350010884
:1036F00000000000F56A000801000000E050010829
:10370000EF500108883701080000000000000000A9
:103710009F510108A6510108C838010800000000A7
:1037200000000000BD510108C3510108883801089C
:103730000000000000000000DA510108E15101081A
:10374000483801080000000000000000F0510108A6
:10375000F551010808380108AD6B000801010000AF
:10376000085201080E520108C83701080000000085
:103770000000000000000000000000000000000049
:1037800000000000000000008C37010820520108F2
:103790002A5201080000000029160108010000005B
:1037A000625201086952010800000000E515010895
:1037B0000100000000000000000000000000000008
:1037C0000000000000000000CC370108A0520108F2
:1037D000A652010800000000951501080100000034
:1037E000D4520108D952010800000000E16A000823
:1037F00001000000000000000000000000000000C8
:1038000000000000000000000C3801089F4E010875
:1038100005530108000000004B16010801000000DC
:10382000184301084453010800000000B1160108C4
:103830000100000000000000000000000000000087
:1038400000000000000000004C3801089F4E0108F5
:103850005753010800000000416B00080100000000
:10386000184301086753010800000000B71501085C
:103870000100000000000000000000000000000047
:1038800000000000000000008C3801089F4E010875
:103890007653010800000000C31501080100000074
:1038A000184301088E530108000000008F1601081C
:1038B0000100000000000000000000000000000007
:1038C0000000000000000000CC3801089F4E0108F5
:1038D000A5530108000000000716010801000000C0
:1038E00018430108BD530108000000006D160108CF
:1038F00001000000000000000000000000000000C7
:103900000000000000000000000000200000000097
:1039100000000B06020000001C390108000000082E
:103920005F580108260002060000002067580108C1
:1039300020000B113839010801000000145901085A
:1039400044390108010000002659010850390108D6
:103950000100000038590108FFFF0000001C00486A
:10396000070000004C0000008000000070390108D2
:10397000010000004C590108FFFF0000001800483A
:10398000060000004C0000004000000090390108D3
:103990000100000060590108FFFF0000001400480A
:1039A000050000004C00000020000000B0390108B4
:1039B0000100000074590108FFFF000000100048DA
:1039C000040000004C00000010000000D039010885
:1039D0000100000088590108FFFF0000000C0048AA
:1039E000030000004C00000008000000F03901084E
:1039F000010000009C590108FFFF0000000800487A
:103A0000020000004C00000004000000103A010811
:103A100001000000B0590108FFFF00000004004849
:103A2000010000004C00000002000000303A0108D4
:103A300001000000C4590108FFFF00000000004819
:103A4000000000004C00000001000000202D0108D3
:103A5000FC2C0108D82C0108B42C0108902C01087A
:103A60006C2C0108482C0108242C010800000000DF
:103A70000000000000000000000000000000000046
:103A80000000000000000000000000000000000036
:103A9000943A010801000000DB59010800100240BF
:103AA000A43A0108020000009A5A0108A05A01082D
:103AB000004C0040DC2B010813070000D83A010835
:103AC00001000000000000000000000000000000F5
:103AD000E03A0108392201085800000000000800FF
:103AE000E83A010801000000F03A01080200000075
:103AF0000800000000020000280000000000000094
:103B0000043B010801000000BF5A010800380140D1
:103B1000DC2B01080E080000343B01080100000006
:103B20000000000000000000000000003C3B010815
:103B3000232201086000000000400000443B01080F
:103B4000010000004C3B010802000000C702000019
:103B500000020000E702000000000000A086010053
:103B6000400D0300801A060000350C0040420F0093
:103B700080841E0000093D0000127A000024F40039
:103B800000366E010048E801006CDC02675B01084A
:103B9000755B0108895B0108985B0108A45B01085B
:103BA000E82A0108E82A0108902B0108982B01084F
:103BB000B82B0108B82B0108BB5B01080100050008
:103BC000E55B010802000700C15B01080400080072
:103BD000CA5B010808000400CF5B0108100009005F
:103BE000D95B010820000800E25B010840000A00E0
:103BF000ED5B010880000600315C01080001000057
:103C00000000000000202020202020202020282844
:103C1000282828202020202020202020202020208C
:103C200020202020208810101010101010101010CC
:103C300010101010100404040404040404040410FC
:103C4000101010101010414141414141010101018A
:103C50000101010101010101010101010101010154
:103C60001010101010104242424242420202020260
:103C70000202020202020202020202020202020224
:103C800010101010200000000000000000000000D4
:103C90000000000000000000000000000000000024
:103CA0000000000000000000000000000000000014
:103CB0000000000000000000000000000000000004
:103CC00000000000000000000000000000000000F4
:103CD00000000000000000000000000000000000E4
:103CE00000000000000000000000000000000000D4
:103CF00000000000000000000000000000000000C4
:103D00000000000000000000494E4600696E660099
:103D10004E414E006E616E003031323334353637ED
:103D20003839616263646566000000003031323307
:103D300034353637383941424344454600000000A7
:103D4000286E756C6C290000300000003030303077
:103D500030303030303030303030303020202020A3
:103D6000202020202020202020202020496E66694D
:103D70006E697479000000004E614E0042616C6C07
:103D80006F6320737563636565646564000000009C
:103D90002F5F5F772F5F74656D702F776F726B7316
:103DA000706163652F6275696C642F2E6275696C32
:103DB000642F61726D2D7A65706879722D6561620C
:103DC000692F7372632F6E65776C69622F6E6577EA
:103DD0006C69622F6C6962632F7374646C69622F03
:103DE00064746F612E6300002F5F5F772F5F7465CF
:103DF0006D702F776F726B73706163652F62756979
:103E00006C642F2E6275696C642F61726D2D7A65FA
:103E1000706879722D656162692F7372632F6E65A8
:103E2000776C69622F6E65776C69622F6C6962636B
:103E30002F7374646C69622F6D707265632E6300FA
:103E400005000000190000007D0000003030303017
:103E500030303030303030303030303020202020A2
:103E60002020202020202020202020202C206675AB
:103E70006E6374696F6E3A200000000061737365B1
:103E80007274696F6E2022257322206661696C65E9
:103E9000643A2066696C6520222573222C206C69A7
:103EA0006E65202564257325730A00004300000019
:103EB000504F5349580000002E0000100000003001
:103EC00055736167653A2063686174203C6D657362
:103ED000736167653E0A0068656C6C6F00627965A6
:103EE00000686F772061726520796F7500536F727B
:103EF00072792C206E6F20726573706F6E736520FF
:103F0000666F756E6420666F7220272573272E0AF0
:103F10000043686174626F742072656164792E2059
:103F2000526573706F6E7365732073746F7265641E
:103F300020696E206275666665722E205573652055
:103F40002763686174203C6D6573736167653E2704
:103F500020696E207368656C6C2E00636861740064
:103F60004368617420776974682074686520626FA3
:103F7000743A2063686174203C6D65737361676592
:103F80003E00686969207468657265007365652024
:103F9000796F75206C617465720049276D206669C0
:103FA0006E652C207468616E6B73210028756E73CA
:103FB00069676E6564292063686172202A207573C1
:103FC000656420666F722025257020617267756DAB
:103FD000656E742E2049742773207265636F6D6D52
:103FE000656E64656420746F206361737420697406
:103FF00020746F20766F6964202A20626563617582
:104000007365206974206D61792063617573652023
:104010006D69736265686176696F7220696E20638D
:1040200065727461696E20636F6E6669677572612F
:1040300074696F6E732E20537472696E673A22250D
:10404000732220617267756D656E743A2564006332
:10405000627072696E74665F7061636B6167650040
:10406000286E696C2900556E62616C616E636564CF
:10407000206261636B757020646F6D61696E206191
:10408000636365737320726566636F756E74007326
:10409000746D33325F6261636B75705F646F6D6105
:1040A000696E00736F63006C6F6767696E67006CA1
:1040B0006F67006C6F675F6D676D74004D6573733C
:1040C000616765202822257322292064726F707031
:1040D0006564206265636175736520697420657825
:1040E00063656564732073697A65206C696D6974B2
:1040F0006174696F6E2028257529004D65737361A1
:1041000067652064726F70706564206265636175B5
:1041100073652069742065786365656473207369CD
:104120007A65206C696D69746174696F6E202825E9
:104130007529000D0A001B5B306D005B2530386C63
:10414000755D20005B253032753A253032753A2591
:104150003032752E253033752C253033755D2000B7
:1041600025732F003C25733E200025733A2000253F
:104170003032782000202020007C00206D65737391
:10418000616765732064726F70706564202D2D2DDA
:104190000D0A1B5B306D001B5B313B33316D2D2DE8
:1041A0002D20001B5B313B33316D001B5B313B33FA
:1041B000336D006572720077726E00696E6600641E
:1041C0006267006B65726E656C004B65726E656C44
:1041D00020636F6D6D616E6473006379636C6573EA
:1041E0003A202575206877206379636C65730A002F
:1041F0006379636C6573004B65726E656C206379DF
:10420000636C65732E00556E61626C6520746F205F
:10421000706172736520696E7075742028657272A2
:10422000202564290A00736C656570006D73005564
:104230007074696D653A20256C6C75206D730A0089
:104240002D70002D2D70726574747900556E737524
:1042500070706F72746564206F7074696F6E3A204D
:1042600025730A00757074696D653A20256C6C754C
:1042700020646179732C20256C6C7520686F7572D1
:10428000732C20256C6C75206D696E757465732CAC
:1042900020256C6C75207365636F6E64732C20250C
:1042A0006C6C75206D696C6C697365636F6E64739B
:1042B0000A00757074696D65004B65726E656C20DF
:1042C000757074696D652E2043616E206265206390
:1042D000616C6C6564207769746820746865202D52
:1042E00070206F72202D2D707265747479206F703C
:1042F00074696F6E7300342E322E302D726333006A
:104300005A65706879722076657273696F6E2025C0
:10431000730A0076657273696F6E004B65726E6525
:104320006C2076657273696F6E2E00546869732015
:10433000636F6D6D616E6420697320646570726572
:1043400063617465642061732069742069732061FE
:10435000206475706C69636174652E2055736520E7
:10436000276C6F6720656E61626C652720636F6DD7
:104370006D616E642066726F6D206C6F6767696E29
:104380006720636F6D6D616E6473207365742E0AB0
:1043900000556E61626C6520746F20706172736588
:1043A000206C6F6720736576657269747920286563
:1043B0007272202564290A00496E76616C69642056
:1043C0006C6F67206C6576656C3A2025640A005531
:1043D0006E61626C6520746F2066696E64206C6F1C
:1043E0006720736F757263653A2025730A006C6FDE
:1043F000675F6C6576656C003C6D6F64756C6520FD
:104400006E616D653E203C736576657269747920D6
:1044100028302D34293E004B65726E656C2074681F
:1044200072656164732E005363686564756C6572B0
:104430003A2025752073696E6365206C6173742062
:1044400063616C6C0A00546872656164733A0A00B7
:104450004E41002573257020252D3130730A000947
:104460006F7074696F6E733A20307825782C2070E5
:1044700072696F726974793A2025642074696D6578
:104480006F75743A20256C6C640A0009737461744A
:10449000653A2025732C20656E7472793A20257058
:1044A0000A00556E61626C6520746F2064657465E6
:1044B000726D696E6520756E7573656420737461C5
:1044C000636B2073697A6520282564290A0A00092C
:1044D000737461636B2073697A6520257A752C206B
:1044E000756E7573656420257A752C207573616708
:1044F0006520257A75202F20257A7520282575209E
:104500002525290A0A006C697374004C69737420AC
:104510006B65726E656C20746872656164732E00E1
:10452000257020495251202530326420257328728D
:1045300065616C2073697A652025347A75293A099A
:10454000756E757365642025347A750975736167B6
:10455000652025347A75202F2025347A752028256A
:10456000327A75202525290A00257020252D333221
:104570007320287265616C2073697A652025347A0E
:1045800075293A09756E757365642025347A750945
:1045900075736167652025347A75202F2025347A5C
:1045A000752028253275202525290A00737461633A
:1045B0006B73004C69737420746872656164732056
:1045C000737461636B2075736167652E0054687244
:1045D000656164204944202570206973206E6F74E2
:1045E0002076616C69640A004572726F723A536892
:1045F000656C6C207468726561642063616E6E6FB7
:10460000742062652073757370656E6465640A005A
:104610005468726561642025702073757370656ECF
:104620006465640A0073757370656E64006B65720F
:104630006E656C2074687265616420737573706553
:104640006E64203C7468726561645F69643E004515
:1046500072726F723A5368656C6C2074687265612F
:10466000642063616E6E6F7420626520726573757D
:104670006D65640A0054687265616420257020725B
:104680006573756D65640A00726573756D65006BA1
:1046900065726E656C207468726561642072657302
:1046A000756D65203C7468726561645F69643E0085
:1046B0004572726F723A5368656C6C2074687265EB
:1046C00061642063616E6E6F74206265206B696C3B
:1046D0006C65640A000A2054687265616420257064
:1046E000206B696C6C65640A006B696C6C006B65AF
:1046F000726E656C20746872656164206B696C6CA5
:10470000203C7468726561645F69643E0052454193
:1047100044590044495341424C454400646576691C
:104720006365733A0A005B25705D002D20257300D8
:1047300020204454206E6F6465206C6162656C7348
:104740003A0064657669636500446576696365204F
:10475000636F6D6D616E6473004C69737420636F79
:104760006E666967757265642064657669636573F2
:104770000025642D253032752D25303275202530E9
:1047800032753A253032753A25303275205554430A
:104790000A00496E76616C696420686F75720A0060
:1047A000496E76616C6964206D696E7574650A0086
:1047B000496E76616C6964207365636F6E640A008C
:1047C000496E76616C6964206D6F6E74680A004989
:1047D0006E76616C6964206461790A004661696C77
:1047E000656420746F2063616C63756C617465200F
:1047F0007365636F6E64732073696E6365204570C3
:104800006F63680A00436F756C64206E6F74207369
:10481000657420646174652025640A0064617465B0
:10482000004461746520636F6D6D616E6473005B3D
:10483000592D6D2D645D203C483A4D3A533E00673A
:104840006574005B6E6F6E655D005573696E672001
:10485000646174612077696474682025640A004982
:104860006E636F727265637420646174612077692E
:104870006474680A00526561642076616C75652015
:10488000307825780A0057726974696E67207661FE
:104890006C756520307825780A00696E76616C69E0
:1048A00064206164647220272573270A00696E768C
:1048B000616C69642073697A6520272573270A0073
:1048C000696E76616C696420776964746820272555
:1048D00073270A00613A733A773A00272D61203C2A
:1048E000616464726573733E27206973206D616E25
:1048F0006461746F72790A00272D73203C73697AA2
:10490000653E27206973206D616E6461746F7279F2
:104910000A006465766D656D206C6F616420737547
:1049200070706F7274732073657474696E6720623F
:104930007970617373206F6E20612073696E676C8C
:104940006520696E7374616E63652E0A004C6F6139
:1049500064696E672E2E2E0A7072657373206374FD
:10496000726C2D78206374726C2D7120746F2065C9
:1049700073636170650A004E756D626572206F66C3
:1049800020627974657320726561643A2025640A37
:10499000002D2D002D6500556E6B6E6F776E206FAC
:1049A0007074696F6E20222573220A006465766D2B
:1049B000656D00526561642F777269746520706857
:1049C00079736963616C206D656D6F72790A5573D7
:1049D0006167653A0A52656164206D656D6F727931
:1049E00020617420616464726573732077697468F0
:1049F000206F7074696F6E616C2077696474683AB7
:104A00000A6465766D656D203C61646472657373DC
:104A10003E205B3C77696474683E5D0A5772697436
:104A200065206D656D6F72792061742061646472B8
:104A30006573732077697468206D616E6461746F4B
:104A4000727920776964746820616E642076616C85
:104A500075653A0A6465766D656D203C61646472C3
:104A60006573733E203C77696474683E203C7661D0
:104A70006C75653E0064756D700055736167653ACD
:104A80000A6465766D656D2064756D70202D6120FA
:104A90003C616464726573733E202D73203C7369BE
:104AA0007A653E205B2D77203C77696474683E5DB3
:104AB0000A006C6F61640055736167653A0A64654A
:104AC000766D656D206C6F6164205B6F7074696FCB
:104AD0006E735D205B616464726573735D0A4F7011
:104AE00074696F6E733A0A2D65096C6974746C652C
:104AF0002D656E6469616E20706172736500525835
:104B00002072696E67206275666665722066756CD4
:104B10006C2E007368656C6C2E7368656C6C5F75C9
:104B200061727400756172743A7E24200073686546
:104B30006C6C5F756172745F6261636B656E64005B
:104B4000537562636F6D6D616E64733A0A006E6FC8
:104B500074207465726D696E617465643A202563B2
:104B60000A00506C656173652073706563696679CE
:104B7000206120737562636F6D6D616E642E0A0033
:104B80004572726F723A20726571756573746564EF
:104B9000206D756C7469706C652066756E637469E0
:104BA0006F6E20657865637574696F6E730A003A7D
:104BB00020636F6D6D616E64206E6F7420666F751B
:104BC0006E6400546F6F206D616E7920617267753D
:104BD0006D656E747320696E2074686520636F6DF7
:104BE0006D616E642E0A0025733A2077726F6E67CE
:104BF00020706172616D6574657220636F756E748B
:104C00000A005741524E494E473A2041207072697E
:104C10006E7420726571756573742077617320649A
:104C200065746563746564206F6E206E6F742061B7
:104C30006374697665207368656C6C206261636B70
:104C4000656E642E0A000A25732573005368656C2F
:104C50006C20746872656164206572726F723A20AC
:104C6000256400506C6561736520707265737320F4
:104C7000746865203C5461623E20627574746F6E86
:104C800020746F2073656520616C6C2061766169AA
:104C90006C61626C6520636F6D6D616E64732E0A6A
:104CA00000596F752063616E20616C736F2075739E
:104CB0006520746865203C5461623E20627574749E
:104CC0006F6E20746F2070726F6D7074206F722021
:104CD0006175746F2D636F6D706C65746520616CA8
:104CE0006C20636F6D6D616E6473206F72206974E8
:104CF0007320737562636F6D6D616E64732E0A004D
:104D0000596F752063616E2074727920746F20630F
:104D1000616C6C20636F6D6D616E64732077697474
:104D200068203C2D683E206F72203C2D2D68656CFC
:104D3000703E20706172616D6574657220666F727D
:104D4000206D6F726520696E666F726D6174696F38
:104D50006E2E0A000A5368656C6C20737570706F54
:104D600072747320666F6C6C6F77696E67206D6507
:104D700074612D6B6579733A0A20204374726C203C
:104D80002B202861206B65792066726F6D3A206157
:104D900062636465666B6C6E707577290A202041CA
:104DA0006C7420202B202861206B65792066726F3F
:104DB0006D3A206266290A506C65617365207265E0
:104DC00066657220746F207368656C6C20646F6315
:104DD000756D656E746174696F6E20666F72206D9B
:104DE0006F72652064657461696C732E0A000A41F4
:104DF0007661696C61626C6520636F6D6D616E6474
:104E0000733A0A00253038583A20007C0A00507264
:104E1000696E7473207468652068656C70206D65B8
:104E200073736167652E001B5B25642563001B5B44
:104E3000313B3325646D001B5B34303325646D00DA
:104E400055736167653A20257320002D68002D2D6C
:104E500068656C7000202D20002020004C6F73745A
:104E6000206C6F67733A20256C750A004163746982
:104E70007665207368656C6C206261636B656E6437
:104E8000733A0A0020202532642E203A2573202808
:104E90002573290A005B2533645D2025730A006FA2
:104EA00066660020756E6B6E6F776E207061726142
:104EB0006D657465723A200025733A257325730A6F
:104EC000004563686F207374617475733A202573AD
:104ED0000A004E6F20726573706F6E736520667284
:104EE0006F6D20746865207465726D696E616C2CDD
:104EF00020617373756D65642038307832342073A7
:104F0000637265656E2073697A650A001B5B366E95
:104F10000072657476616C005072696E74207265FF
:104F20007475726E2076616C7565206F66206D6F8A
:104F3000737420726563656E7420636F6D6D616E4E
:104F40006400726573697A6500436F6E736F6C6598
:104F50002067657473207465726D696E616C20736F
:104F6000637265656E2073697A65206F7220617364
:104F700073756D65732064656661756C7420696E08
:104F800020636173652074686520726561646F7564
:104F900074206661696C732E204974206D7573747A
:104FA0002062652065786563757465642061667448
:104FB00065722065616368207465726D696E616CED
:104FC000207769647468206368616E676520746F18
:104FD00020656E7375726520636F727265637420ED
:104FE0007465787420646973706C61792E006869E7
:104FF00073746F727900436F6D6D616E64206869C0
:1050000073746F72792E007368656C6C00557365EC
:1050100066756C2C206E6F7420556E69782D6C69E6
:105020006B65207368656C6C20636F6D6D616E6479
:10503000732E00636C65617200436C65617220734E
:10504000637265656E2E0072656D0049676E6F72E2
:1050500065206C696E657320626567696E6E696E46
:10506000672077697468202772656D202700646562
:105070006661756C7400417373756D6520383020FE
:1050800063686172732073637265656E207769640B
:10509000746820616E642073656E6420746869733F
:1050A0002073657474696E6720746F20746865205E
:1050B0007465726D696E616C2E006261636B656E02
:1050C0006473004C6973742061637469766520733E
:1050D00068656C6C206261636B656E64732E0A0098
:1050E0006261636B73706163655F6D6F64650054CB
:1050F0006F67676C65206261636B737061636520C5
:105100006B6579206D6F64652E0A536F6D65207431
:1051100065726D696E616C7320617265206E6F746B
:105120002073656E64696E67207365706172617467
:10513000652065736361706520636F646520666FC9
:1051400072206261636B737061636520616E6420BD
:1051500064656C65746520627574746F6E2E20547E
:1051600068697320636F6D6D616E6420666F726332
:105170006573207368656C6C20746F20696E74654C
:1051800072707265742064656C657465206B6579F6
:10519000206173206261636B73706163652E0063CD
:1051A0006F6C6F727300546F67676C6520636F6C10
:1051B0006F7265642073796E7461782E0076743135
:1051C000303000546F67676C652076743130302062
:1051D000636F6D6D616E64732E0070726F6D7074AD
:1051E00000546F67676C652070726F6D70742E006D
:1051F0006563686F00546F67676C65207368656CE2
:105200006C206563686F2E0073746174730053685B
:10521000656C6C20737461746973746963732E00B8
:105220006261636B737061636500536574206469C8
:1052300066666572656E7420657363617065206370
:105240006F646520666F72206261636B7370616367
:105250006520616E642064656C657465206B65799A
:105260002E0064656C657465005365742074686510
:105270002073616D652065736361706520636F6481
:105280006520666F72206261636B73706163652075
:10529000616E642064656C657465206B65792E00B1
:1052A0007265736574005265736574207368656C0C
:1052B0006C207374617469737469637320666F72B0
:1052C00020746865204C6F67676572206D6F647528
:1052D0006C652E0073686F7700476574207368658E
:1052E0006C6C207374617469737469637320666F86
:1052F0007220746865204C6F67676572206D6F64FB
:10530000756C652E0044697361626C652073686515
:105310006C6C206563686F2E2045646974696E67E4
:10532000206B65797320616E64206D6574612D6BEF
:1053300065797320617265206E6F742068616E6498
:105340006C656400456E61626C65207368656C6CA9
:10535000206563686F2E0044697361626C6520701C
:10536000726F6D70742E00456E61626C6520707294
:105370006F6D70742E0044697361626C6520767481
:1053800031303020636F6D6D616E64732E00456E39
:1053900061626C6520767431303020636F6D6D61B1
:1053A0006E64732E0044697361626C6520636F6C78
:1053B0006F7265642073796E7461782E00456E613A
:1053C000626C6520636F6C6F7265642073796E74B4
:1053D00061782E00436F6D6D616E64206275666644
:1053E000657220697320746F6F2073686F72742008
:1053F000746F20657870616E6420616C6C20636FDF
:105400006D6D616E6473206D61746368696E672091
:1054100077696C6463617264207061747465726E24
:105420003A2025730A0072302F61313A20203078FB
:1054300025303878202072312F61323A20203078A0
:1054400025303878202072322F61333A202030788E
:10545000253038780072332F61343A202030782597
:10546000303878207231322F69703A202030782518
:10547000303878207231342F6C723A202030782501
:105480003038780020787073723A202030782530D8
:105490003878004661756C74696E6720696E737444
:1054A00072756374696F6E206164647265737320D2
:1054B000287231352F7063293A20307825303878BA
:1054C00000556E68616E646C6564204952516E3A95
:1054D000202564002A2A2A2A2A20425553204641A0
:1054E000554C54202A2A2A2A2A002020537461630A
:1054F0006B696E67206572726F72002020556E7343
:105500007461636B696E67206572726F7200202030
:10551000507265636973652064617461206275739C
:10552000206572726F720020204246415220416411
:1055300064726573733A2030782578002020496DB5
:10554000707265636973652064617461206275734C
:10555000206572726F72002020496E7374727563D9
:1055600074696F6E20627573206572726F720020AD
:1055700020466C6F6174696E672D706F696E742060
:105580006C617A79207374617465207072657365DB
:1055900072766174696F6E206572726F72002A2A6A
:1055A0002A2A2A205553414745204641554C54202C
:1055B0002A2A2A2A2A0020204469766973696F6E94
:1055C000206279207A65726F002020556E616C69C7
:1055D000676E6564206D656D6F72792061636365C8
:1055E00073730020204E6F20636F70726F6365735A
:1055F000736F7220696E737472756374696F6E7302
:10560000002020496C6C6567616C206C6F616420C0
:105610006F66204558435F52455455524E20696E7F
:10562000746F205043002020496C6C6567616C20CA
:10563000757365206F66207468652045505352006D
:105640002020417474656D707420746F20657865D6
:105650006375746520756E646566696E656420693E
:105660006E737472756374696F6E002A2A2A2A2A0F
:10567000204D5055204641554C54202A2A2A2A2A8A
:10568000002020537461636B696E67206572726FCE
:10569000722028636F6E7465787420617265612072
:1056A0006D69676874206265206E6F742076616C26
:1056B000696429002020446174612041636365733B
:1056C000732056696F6C6174696F6E0020204D4DB8
:1056D00046415220416464726573733A20307825E4
:1056E00078002020496E737472756374696F6E2040
:1056F0004163636573732056696F6C6174696F6E83
:1057000000526573657276656420457863657074D0
:10571000696F6E20280053707572696F7573206908
:105720006E7465727275707420284952512000534E
:105730005053454C20696E20746872656164206D19
:105740006F646520646F6573206E6F7420696E648A
:10575000696361746520505350002A2A2A2A2A203E
:1057600048415244204641554C54202A2A2A2A2A8C
:10577000002020427573206661756C74206F6E2066
:10578000766563746F72207461626C652072656106
:10579000640020204465627567206576656E74003C
:1057A00020204661756C7420657363616C61746957
:1057B0006F6E20287365652062656C6F77290041E4
:1057C0005243485F455843455054207769746820D8
:1057D000726561736F6E2025780A002A2A2A2A2AA8
:1057E000204465627567206D6F6E69746F72206505
:1057F0007863657074696F6E202A2A2A2A2A002A23
:105800002A2A2A2A20257320256429202A2A2A2A9E
:105810002A006D7075004661696C656420746F20A4
:10582000616C6C6F63617465206E6577204D5055B7
:1058300020726567696F6E2025750A005061727469
:105840006974696F6E2025753A2073616E69747989
:1058500020636865636B206661696C65642E004631
:105860004C4153485F30005352414D5F30006162FC
:105870006F727428290A006765746F707400706F06
:105880007369785F656E7600706F7369785F7469AD
:105890006D657200707468726561645F72776C6FB9
:1058A000636B00707468726561645F636F6E64003F
:1058B000707468726561645F6B657900707468729A
:1058C0006561645F6D757465780070746872656198
:1058D00064007873695F73696E676C655F70726F7F
:1058E00063657373006673000A060505040103010E
:1058F000020101010001696E746572727570742D88
:10590000636F6E74726F6C6C65724034303031301E
:10591000343030006578746900726363403430302D
:10592000323130303000726363006770696F403429
:1059300038303031633030006770696F68006770ED
:10594000696F403438303031383030006770696FFB
:1059500067006770696F4034383030313430300060
:105960006770696F66006770696F40343830303136
:10597000303030006770696F65006770696F403460
:1059800038303030633030006770696F64006770A2
:10599000696F403438303030383030006770696FAC
:1059A00063006770696F4034383030303430300015
:1059B0006770696F62006770696F403438303030EB
:1059C000303030006770696F610072657365742DE7
:1059D000636F6E74726F6C6C6572007263746C00CE
:1059E0004661696C65642063616C6C20636C6F63F5
:1059F0006B5F636F6E74726F6C5F6765745F72610B
:105A000074652870636C6B656E5B305D2900636C38
:105A10006F636B20636F6E74726F6C206465766960
:105A20006365206E6F7420726561647900436F75E1
:105A30006C64206E6F7420656E61626C6520284C0A
:105A400050295541525420636C6F636B007265732B
:105A5000657420636F6E74726F6C6C6572206E6F0C
:105A60007420726561647900257320646F6573200A
:105A70006E6F7420737570706F72742064726976C3
:105A8000657220656E61626C650073657269616C38
:105A9000403430303034633030007561727434001B
:105AA00061726475696E6F5F73657269616C0073B2
:105AB000657269616C403430303133383030007594
:105AC000736172743100756172745F73746D333217
:105AD00000000000000000000001020304060708A7
:105AE0000948616C74696E672073797374656D0021
:105AF000556E6B6E6F776E206572726F7200756E89
:105B00006B6E6F776E003E3E3E205A4550485952AC
:105B100020464154414C204552524F522025643A70
:105B2000202573206F6E2043505520256400466168
:105B3000756C7420647572696E6720696E74657225
:105B4000727570742068616E646C696E670A0043D8
:105B5000757272656E74207468726561643A20258E
:105B6000702028257329004350552065786365709F
:105B700074696F6E00556E68616E646C656420694F
:105B80006E7465727275707400537461636B206F0C
:105B9000766572666C6F77004B65726E656C206F10
:105BA0006F7073004B65726E656C2070616E696317
:105BB0000069646C65006F73002B0064756D6D790E
:105BC00000736C656570696E67006465616400737D
:105BD000757370656E6465640061626F7274696E7E
:105BE000670073757370656E64696E6700717565C3
:105BF000756564002A2A2A20426F6F74696E6720D7
:105C00005A6570687972204F53206275696C642000
:105C100076342E322E302D7263332D34342D67338B
:105C20003636643435666433346665202A2A2A0A97
:0C5C300000737973776F726B71000000D5
:105C3C000000000058010020C001002028020020B4
:105C4C000000000000000000000000000000000048
:105C5C000000000000000000000000000000000038
:105C6C000000000000000000000000000000000028
:105C7C000000000000000000000000000000000018
:105C8C000000000000000000000000000000000008
:105C9C0000000000000000000000000000000000F8
:105CAC0000000000000000000000000000000000E8
:105CBC0000000000000000000000000000000000D8
:105CCC0000000000000000000000000000000000C8
:105CDC0000000000000000000100000000000000B7
:105CEC000E33CDAB34126DE6ECDE05000B0000007C
:105CFC000000000000000000000000000000000098
:105D0C000000000000000000000000000000000087
:105D1C000000000000000000000000000000000077
:105D2C000000000000000000000000000000000067
:105D3C000000000000000000000000000000000057
:105D4C000000000000000000000000000000000047
:105D5C000000000000000000000000000000000037
:105D6C000000000000000000000000000000000027
:105D7C000000000000000000000000000000000017
:105D8C000000000000000000000000000000000007
:105D9C0000000000000000000000000000000000F7
:105DAC0000000000000000000000000000000000E7
:105DBC0000000000000000000000000000000000D7
:105DCC0000000000000000000000000000000000C7
:105DDC0000000000000000000000000000000000B7
:105DEC0000000000000000000000000000000000A7
:105DFC000000000000000000000000000000000097
:105E0C000000000000000000000000000000000086
:105E1C000000000000000000000000000000000076
:105E2C000000000000000000000000000000000066
:105E3C000000000000000000000000000000000056
:105E4C000000000000000000000000000000000046
:105E5C000000000000000000000000000000000036
:105E6C000000000000000000000000000000000026
:105E7C000000000000000000000000000000000016
:105E8C000000000000000000000000000000000006
:105E9C0000000000000000000000000000000000F6
:105EAC0000000000000000000000000000000000E6
:105EBC0000000000000000000000000000000000D6
:105ECC000000000000000000900200209002002062
:105EDC009802002098020020A0020020A0020020BE
:105EEC00A8020020A8020020B0020020B00200206E
:105EFC00B8020020B8020020C0020020C00200201E
:105F0C00C8020020C8020020D0020020D0020020CD
:105F1C00D8020020D8020020E0020020E00200207D
:105F2C00E8020020E8020020F0020020F00200202D
:105F3C00F8020020F80200200003002000030020DB
:105F4C000803002008030020100300201003002089
:105F5C001803002018030020200300202003002039
:105F6C0028030020280300203003002030030020E9
:105F7C003803002038030020400300204003002099
:105F8C004803002048030020500300205003002049
:105F9C0058030020580300206003002060030020F9
:105FAC0068030020680300207003002070030020A9
:105FBC007803002078030020800300208003002059
:105FCC008803002088030020900300209003002009
:105FDC009803002098030020A0030020A0030020B9
:105FEC00A8030020A8030020B0030020B003002069
:105FFC00B8030020B8030020C0030020C003002019
:10600C00C8030020C8030020D0030020D0030020C8
:10601C00D8030020D8030020E0030020E003002078
:10602C00E8030020E8030020F0030020F003002028
:10603C00F8030020F80300200004002000040020D6
:10604C000804002008040020100400201004002084
:10605C001804002018040020200400202004002034
:10606C0028040020280400203004002030040020E4
:10607C003804002038040020400400204004002094
:10608C004804002048040020500400205004002044
:10609C0058040020580400206004002060040020F4
:1060AC0068040020680400207004002070040020A4
:1060BC007804002078040020800400208004002054
:1060CC008804002088040020900400209004002004
:1060DC009804002098040020A0040020A0040020B4
:1060EC00A8040020A8040020B0040020B004002064
:1060FC00B8040020B8040020C0040020C004002014
:10610C00C8040020C8040020D0040020D0040020C3
:10611C00D8040020D8040020E0040020E004002073
:10612C00E8040020E8040020F0040020F004002023
:10613C00F8040020F80400200005002000050020D1
:10614C00080500200805002010050020100500207F
:10615C00180500201805002020050020200500202F
:10616C0028050020280500203005002030050020DF
:10617C00380500203805002040050020400500208F
:10618C00480500204805002050050020500500203F
:10619C0058050020580500206005002060050020EF
:1061AC00680500206805002070050020700500209F
:1061BC00780500207805002080050020800500204F
:1061CC0088050020880500209005002090050020FF
:1061DC009805002098050020A0050020A0050020AF
:1061EC00A8050020A8050020B0050020B00500205F
:1061FC00B8050020B8050020C0050020C00500200F
:10620C00C8050020C8050020D0050020D0050020BE
:10621C00D8050020D8050020E0050020E00500206E
:10622C00E8050020E8050020F0050020F00500201E
:10623C00F8050020F80500200006002000060020CC
:10624C00080600200806002010060020100600207A
:10625C00180600201806002020060020200600202A
:10626C0028060020280600203006002030060020DA
:10627C00380600203806002040060020400600208A
:10628C00480600204806002050060020500600203A
:10629C0058060020580600206006002060060020EA
:1062AC00680600206806002070060020700600209A
:1062BC00780600207806002080060020800600204A
:1062CC00880600208806002075FE000800000000EB
:1062DC005C34010801000000A8060020A80600207C
:1062EC0000000000000000000E000000BC060020B2
:1062FC00BC060020000000000000000000000000B0
:10630C005C34010801000000D8060020D8060020EB
:10631C0000000000000000000E000000EC06002051
:10632C00EC0600200000000000000000000000004F
:10633C005C34010801000000080700200807002059
:10634C0000000000000000000E0000001C070020F0
:10635C001C070020000000000000000000000000EE
:10636C000000000000000000000000000000000021
:10637C000000000000000000000000000000000011
:10638C000000000000000000000000000000000001
:10639C0000000000000000000000000000000000F1
:1063AC0000000000000000000000000000000000E1
:1063BC0000000000000000000000000000000000D1
:1063CC0000000000000000000000000000000000C1
:1063DC0000000000000000000000000000000000B1
:1063EC0000000000000000000000000000000000A1
:1063FC000000000000000000000000000000000091
:10640C000000000000000000000000000000000080
:10641C000000000000000000000000000000000070
:10642C000000000000000000000000000000000060
:10643C000000000000000000000000000000000050
:10644C000000000000000000000000000000000040
:10645C000000000000000000000000000000000030
:10646C000000000000000000000000000000000020
:10647C000000000000000000000000000000000010
:10648C000000000000000000000000000000000000
:10649C0000000000000000000000000000000000F0
:1064AC0000000000000000000000000000000000E0
:1064BC0000000000000000000000000000000000D0
:1064CC0000000000000000000000000000000000C0
:1064DC0000000000000000000000000000000000B0
:1064EC0000000000000000000000000000000000A0
:1064FC000000000000000000000000000000000090
:10650C00000000000000000000000000000000007F
:10651C00000000000000000000000000000000006F
:10652C00000000000000000000000000000000005F
:10653C00000000000000000000000000000000004F
:10654C00000000000000000000000000000000003F
:10655C00000000000000000000000000000000002F
:10656C00000000000000000000000000000000001F
:10657C00000000000000000000000000000000000F
:10658C0000000000000000000000000000000000FF
:10659C0000000000000000000000000000000000EF
:1065AC0000000000000000000000000000000000DF
:1065BC0000000000000000000000000000000000CF
:1065CC00000000000000000000000000A50501080C
:1065DC000000000001000000B809002000000000CD
:1065EC00000000000000000000440020000000003B
:1065FC00000000000000000000020000F835010857
:10660C00B014002063190108010000000100000013
:10661C00000000000000000000000000054501081B
:10662C000100000001000000F8090020F80900201A
:10663C00000A0020000A0020080A0020080A002096
:10664C0000000000200A00200000000000000000F4
:10665C0000C201000001030000000000380A002005
:10666C00000000000000000000C201000001030057
:10667C0000093D00C8000000480A0020480A00201C
:10668C00500A0020500A002000000020FFFFFFFFEE
:10669C0000000200430000000000000000000000A9
:1066AC0000000000000000000000000000000000DE
:1066BC00000000004300000000000000000000008B
:1066CC0000000000000000000000000000000000BE
:1066DC00000000004300000000000000000000006B
:1066EC00000000000000000000000000000000009E
:1066FC00000000004300000000000000000000004B
:10670C00000000000000000000000000000000007D
:10671C00000000004300000000000000000000002A
:10672C00000000000000000000000000000000005D
:10673C00000000004300000000000000000000000A
:10674C00000000000000000000000000000000003D
:10675C0000000000430000000000000000000000EA
:10676C00000000000000000000000000000000001D
:10677C000000000079FC000821FC0008000000006B
:10678C00043C0108B83E0108783E0108783E010837
:10679C00783E0108783E0108783E0108783E0108F1
:1067AC00783E0108783E0108783E0108FFFFFFFFA4
:1067BC00FFFFFFFFFFFFFFFFFFFF00000100415342
:1067CC0043494900000000000000000000000000E8
:1067DC000000000000000000000000000000415319
:1067EC0043494900000000000000000000000000C8
:1067FC00000000000000000000000000000000008D
:10680C00FFFFFFFFFFFFFFFFFFFFFFFFFFFFFFFF8C
:10681C00000000000000000000000000000000006C
:0C682C0000000000000000000000000060
:106838000000000000000000000000000000000050
:106848000000000000000000000000000000000040
:106858000000000000000000000000000000000030
:106868000000000000000000000000000000000020
:04687800000000001C
:10687C00000000000000000000000000000000000C
:10688C0000000000000000000000000000000000FC
:10689C0000000000000000000000000000000000EC
:1068AC0000000000000000000000000000000000DC
:1068BC0000000000000000000000000000000000CC
:0868CC000000000000000000C4
:1068D4000000000000420020000200000000000050
:0468E40000000000B0
:1068E800AC0C0020AC0C00200000000000000000F0
:1068F8000E000000C00C0020C00C002000000000AA
:08690800000000000E00000079
:10691000D40C0020D40C0020000000000100000076
:08692000E40C0020E40C00204F
:0469280015E015E081
:040000050800751961
:00000001FF
